"id","pred"
"2017_1112_1116","0.66219300031662"
"2017_1112_1124","0.650380551815033"
"2017_1112_1137","0.974163115024567"
"2017_1112_1139","0.648718535900116"
"2017_1112_1153","0.638431906700134"
"2017_1112_1166","0.921858787536621"
"2017_1112_1173","0.858174860477448"
"2017_1112_1181","0.416291683912277"
"2017_1112_1190","0.958558619022369"
"2017_1112_1195","0.990176618099213"
"2017_1112_1196","0.441740095615387"
"2017_1112_1199","0.536465108394623"
"2017_1112_1211","0.263641566038132"
"2017_1112_1233","0.981736660003662"
"2017_1112_1235","0.827078878879547"
"2017_1112_1240","0.994162380695343"
"2017_1112_1242","0.595380425453186"
"2017_1112_1243","0.795734584331512"
"2017_1112_1245","0.993988037109375"
"2017_1112_1246","0.298802375793457"
"2017_1112_1257","0.418341040611267"
"2017_1112_1266","0.929826855659485"
"2017_1112_1268","0.888139188289642"
"2017_1112_1274","0.833934903144836"
"2017_1112_1276","0.768539130687714"
"2017_1112_1277","0.926110506057739"
"2017_1112_1278","0.643846392631531"
"2017_1112_1291","0.994162380695343"
"2017_1112_1292","0.945713996887207"
"2017_1112_1297","0.993778109550476"
"2017_1112_1300","0.99405562877655"
"2017_1112_1305","0.805805444717407"
"2017_1112_1308","0.953742384910583"
"2017_1112_1309","0.991016745567322"
"2017_1112_1314","0.385682284832001"
"2017_1112_1315","0.994162380695343"
"2017_1112_1321","0.804199039936066"
"2017_1112_1323","0.742737472057343"
"2017_1112_1329","0.627220034599304"
"2017_1112_1332","0.718876898288727"
"2017_1112_1343","0.958126366138458"
"2017_1112_1344","0.920785486698151"
"2017_1112_1345","0.761179447174072"
"2017_1112_1348","0.750777900218964"
"2017_1112_1355","0.99403715133667"
"2017_1112_1371","0.879795372486115"
"2017_1112_1374","0.595457553863525"
"2017_1112_1376","0.728103637695312"
"2017_1112_1388","0.826235592365265"
"2017_1112_1407","0.992923617362976"
"2017_1112_1411","0.972129106521606"
"2017_1112_1413","0.994162380695343"
"2017_1112_1417","0.85434365272522"
"2017_1112_1423","0.939902484416962"
"2017_1112_1425","0.842509090900421"
"2017_1112_1433","0.824616730213165"
"2017_1112_1435","0.908858954906464"
"2017_1112_1436","0.944039046764374"
"2017_1112_1437","0.41530904173851"
"2017_1112_1438","0.672639966011047"
"2017_1112_1439","0.837261438369751"
"2017_1112_1448","0.706857562065125"
"2017_1112_1452","0.514976024627686"
"2017_1112_1455","0.438799440860748"
"2017_1112_1457","0.990176618099213"
"2017_1112_1458","0.774864077568054"
"2017_1112_1462","0.821226119995117"
"2017_1116_1124","0.440590173006058"
"2017_1116_1137","0.958716928958893"
"2017_1116_1139","0.464714616537094"
"2017_1116_1153","0.432812720537186"
"2017_1116_1166","0.812728881835938"
"2017_1116_1173","0.645212054252625"
"2017_1116_1181","0.255991756916046"
"2017_1116_1190","0.863388359546661"
"2017_1116_1195","0.966655790805817"
"2017_1116_1196","0.273988872766495"
"2017_1116_1199","0.383481681346893"
"2017_1116_1211","0.0734165534377098"
"2017_1116_1233","0.946705400943756"
"2017_1116_1235","0.570689678192139"
"2017_1116_1240","0.978817522525787"
"2017_1116_1242","0.339113116264343"
"2017_1116_1243","0.616415917873383"
"2017_1116_1245","0.970040440559387"
"2017_1116_1246","0.184056460857391"
"2017_1116_1257","0.244646906852722"
"2017_1116_1266","0.837051510810852"
"2017_1116_1268","0.77005809545517"
"2017_1116_1274","0.718813955783844"
"2017_1116_1276","0.572252094745636"
"2017_1116_1277","0.888310492038727"
"2017_1116_1278","0.390086710453033"
"2017_1116_1291","0.99376255273819"
"2017_1116_1292","0.847898125648499"
"2017_1116_1297","0.968281388282776"
"2017_1116_1300","0.981729090213776"
"2017_1116_1305","0.62121057510376"
"2017_1116_1308","0.880792498588562"
"2017_1116_1309","0.978364408016205"
"2017_1116_1314","0.250895947217941"
"2017_1116_1315","0.989770770072937"
"2017_1116_1321","0.645419418811798"
"2017_1116_1323","0.531179249286652"
"2017_1116_1329","0.413695573806763"
"2017_1116_1332","0.46556767821312"
"2017_1116_1343","0.904351413249969"
"2017_1116_1344","0.813173234462738"
"2017_1116_1345","0.484372764825821"
"2017_1116_1348","0.636858463287354"
"2017_1116_1355","0.97290027141571"
"2017_1116_1371","0.727156758308411"
"2017_1116_1374","0.424940764904022"
"2017_1116_1376","0.669091701507568"
"2017_1116_1388","0.745047688484192"
"2017_1116_1407","0.942983329296112"
"2017_1116_1411","0.933151245117188"
"2017_1116_1413","0.994105696678162"
"2017_1116_1417","0.755665004253387"
"2017_1116_1423","0.889694452285767"
"2017_1116_1425","0.658352434635162"
"2017_1116_1433","0.673371613025665"
"2017_1116_1435","0.875382483005524"
"2017_1116_1436","0.879185497760773"
"2017_1116_1437","0.211483836174011"
"2017_1116_1438","0.334322571754456"
"2017_1116_1439","0.687363743782043"
"2017_1116_1448","0.54975700378418"
"2017_1116_1452","0.302607595920563"
"2017_1116_1455","0.20594909787178"
"2017_1116_1457","0.96639209985733"
"2017_1116_1458","0.535757184028625"
"2017_1116_1462","0.644136428833008"
"2017_1124_1137","0.938957631587982"
"2017_1124_1139","0.456751465797424"
"2017_1124_1153","0.531964838504791"
"2017_1124_1166","0.754349231719971"
"2017_1124_1173","0.664935231208801"
"2017_1124_1181","0.330269634723663"
"2017_1124_1190","0.865298449993134"
"2017_1124_1195","0.933133840560913"
"2017_1124_1196","0.291381388902664"
"2017_1124_1199","0.363187283277512"
"2017_1124_1211","0.194950610399246"
"2017_1124_1233","0.981134533882141"
"2017_1124_1235","0.609997630119324"
"2017_1124_1240","0.994063436985016"
"2017_1124_1242","0.467029601335526"
"2017_1124_1243","0.607179820537567"
"2017_1124_1245","0.973523795604706"
"2017_1124_1246","0.187503695487976"
"2017_1124_1257","0.33894807100296"
"2017_1124_1266","0.762860178947449"
"2017_1124_1268","0.77055960893631"
"2017_1124_1274","0.806938111782074"
"2017_1124_1276","0.595989108085632"
"2017_1124_1277","0.869115948677063"
"2017_1124_1278","0.525987148284912"
"2017_1124_1291","0.994162380695343"
"2017_1124_1292","0.789542376995087"
"2017_1124_1297","0.987528026103973"
"2017_1124_1300","0.982770442962646"
"2017_1124_1305","0.658808171749115"
"2017_1124_1308","0.853808104991913"
"2017_1124_1309","0.974840998649597"
"2017_1124_1314","0.306801408529282"
"2017_1124_1315","0.954091131687164"
"2017_1124_1321","0.742402195930481"
"2017_1124_1323","0.621755003929138"
"2017_1124_1329","0.407932430505753"
"2017_1124_1332","0.55829244852066"
"2017_1124_1343","0.967249989509583"
"2017_1124_1344","0.793717920780182"
"2017_1124_1345","0.500217139720917"
"2017_1124_1348","0.649941444396973"
"2017_1124_1355","0.979680895805359"
"2017_1124_1371","0.778679251670837"
"2017_1124_1374","0.410801440477371"
"2017_1124_1376","0.592017590999603"
"2017_1124_1388","0.700894117355347"
"2017_1124_1407","0.962866127490997"
"2017_1124_1411","0.923859179019928"
"2017_1124_1413","0.981694877147675"
"2017_1124_1417","0.564792275428772"
"2017_1124_1423","0.800856947898865"
"2017_1124_1425","0.658731460571289"
"2017_1124_1433","0.729270875453949"
"2017_1124_1435","0.729706585407257"
"2017_1124_1436","0.821687340736389"
"2017_1124_1437","0.275110691785812"
"2017_1124_1438","0.588958859443665"
"2017_1124_1439","0.705120205879211"
"2017_1124_1448","0.468519479036331"
"2017_1124_1452","0.279183328151703"
"2017_1124_1455","0.341532349586487"
"2017_1124_1457","0.951978921890259"
"2017_1124_1458","0.596657991409302"
"2017_1124_1462","0.623910546302795"
"2017_1137_1139","0.0392301455140114"
"2017_1137_1153","0.0633996054530144"
"2017_1137_1166","0.115431733429432"
"2017_1137_1173","0.134810566902161"
"2017_1137_1181","0.00919401086866856"
"2017_1137_1190","0.321586132049561"
"2017_1137_1195","0.553917706012726"
"2017_1137_1196","0.00896681193262339"
"2017_1137_1199","0.0157836060971022"
"2017_1137_1211","0.00594226364046335"
"2017_1137_1233","0.636684775352478"
"2017_1137_1235","0.0930379256606102"
"2017_1137_1240","0.795248746871948"
"2017_1137_1242","0.0201225019991398"
"2017_1137_1243","0.119461670517921"
"2017_1137_1245","0.49752277135849"
"2017_1137_1246","0.0063252947293222"
"2017_1137_1257","0.0114059010520577"
"2017_1137_1266","0.164479747414589"
"2017_1137_1268","0.172089383006096"
"2017_1137_1274","0.105191998183727"
"2017_1137_1276","0.0772387832403183"
"2017_1137_1277","0.312575936317444"
"2017_1137_1278","0.0488220937550068"
"2017_1137_1291","0.895418763160706"
"2017_1137_1292","0.248430192470551"
"2017_1137_1297","0.71574068069458"
"2017_1137_1300","0.765052855014801"
"2017_1137_1305","0.153536915779114"
"2017_1137_1308","0.380228251218796"
"2017_1137_1309","0.644465506076813"
"2017_1137_1314","0.0063252947293222"
"2017_1137_1315","0.738409340381622"
"2017_1137_1321","0.164163574576378"
"2017_1137_1323","0.0754976943135262"
"2017_1137_1329","0.0319498814642429"
"2017_1137_1332","0.0900128781795502"
"2017_1137_1343","0.544178545475006"
"2017_1137_1344","0.207856222987175"
"2017_1137_1345","0.0419274680316448"
"2017_1137_1348","0.0693540498614311"
"2017_1137_1355","0.64071661233902"
"2017_1137_1371","0.120371542870998"
"2017_1137_1374","0.0417590439319611"
"2017_1137_1376","0.048304658383131"
"2017_1137_1388","0.117260724306107"
"2017_1137_1407","0.571560382843018"
"2017_1137_1411","0.645999789237976"
"2017_1137_1413","0.825142323970795"
"2017_1137_1417","0.0814991220831871"
"2017_1137_1423","0.340853601694107"
"2017_1137_1425","0.185364350676537"
"2017_1137_1433","0.12926273047924"
"2017_1137_1435","0.140494182705879"
"2017_1137_1436","0.313691735267639"
"2017_1137_1437","0.00600528903305531"
"2017_1137_1438","0.0302825383841991"
"2017_1137_1439","0.136142432689667"
"2017_1137_1448","0.0283076800405979"
"2017_1137_1452","0.00976663641631603"
"2017_1137_1455","0.0207061655819416"
"2017_1137_1457","0.543175578117371"
"2017_1137_1458","0.0681917294859886"
"2017_1137_1462","0.0543540418148041"
"2017_1139_1153","0.531914710998535"
"2017_1139_1166","0.865092813968658"
"2017_1139_1173","0.723187029361725"
"2017_1139_1181","0.313485085964203"
"2017_1139_1190","0.774998664855957"
"2017_1139_1195","0.953145384788513"
"2017_1139_1196","0.279799401760101"
"2017_1139_1199","0.378408968448639"
"2017_1139_1211","0.168542668223381"
"2017_1139_1233","0.989654660224915"
"2017_1139_1235","0.587459444999695"
"2017_1139_1240","0.992848038673401"
"2017_1139_1242","0.570262253284454"
"2017_1139_1243","0.64028012752533"
"2017_1139_1245","0.976011395454407"
"2017_1139_1246","0.199506342411041"
"2017_1139_1257","0.328855872154236"
"2017_1139_1266","0.857189476490021"
"2017_1139_1268","0.73852950334549"
"2017_1139_1274","0.679298579692841"
"2017_1139_1276","0.585328638553619"
"2017_1139_1277","0.898549377918243"
"2017_1139_1278","0.469762027263641"
"2017_1139_1291","0.994162380695343"
"2017_1139_1292","0.817758321762085"
"2017_1139_1297","0.989567220211029"
"2017_1139_1300","0.982588410377502"
"2017_1139_1305","0.753594696521759"
"2017_1139_1308","0.802441418170929"
"2017_1139_1309","0.977161943912506"
"2017_1139_1314","0.311276704072952"
"2017_1139_1315","0.985044777393341"
"2017_1139_1321","0.724637985229492"
"2017_1139_1323","0.568759381771088"
"2017_1139_1329","0.498051881790161"
"2017_1139_1332","0.533782720565796"
"2017_1139_1343","0.96309107542038"
"2017_1139_1344","0.737424314022064"
"2017_1139_1345","0.48619082570076"
"2017_1139_1348","0.654588997364044"
"2017_1139_1355","0.990244269371033"
"2017_1139_1371","0.766904234886169"
"2017_1139_1374","0.444378793239594"
"2017_1139_1376","0.59309995174408"
"2017_1139_1388","0.779698967933655"
"2017_1139_1407","0.936599552631378"
"2017_1139_1411","0.964686036109924"
"2017_1139_1413","0.985627174377441"
"2017_1139_1417","0.701184749603271"
"2017_1139_1423","0.826322972774506"
"2017_1139_1425","0.76911461353302"
"2017_1139_1433","0.6919105052948"
"2017_1139_1435","0.785076320171356"
"2017_1139_1436","0.864266812801361"
"2017_1139_1437","0.248496621847153"
"2017_1139_1438","0.510296761989594"
"2017_1139_1439","0.680883586406708"
"2017_1139_1448","0.553106427192688"
"2017_1139_1452","0.241837650537491"
"2017_1139_1455","0.294893264770508"
"2017_1139_1457","0.957882940769196"
"2017_1139_1458","0.645064890384674"
"2017_1139_1462","0.610162913799286"
"2017_1153_1166","0.764975130558014"
"2017_1153_1173","0.689013004302979"
"2017_1153_1181","0.274207085371017"
"2017_1153_1190","0.849049627780914"
"2017_1153_1195","0.942414104938507"
"2017_1153_1196","0.222714602947235"
"2017_1153_1199","0.389500856399536"
"2017_1153_1211","0.135933458805084"
"2017_1153_1233","0.964294731616974"
"2017_1153_1235","0.5174600481987"
"2017_1153_1240","0.993540585041046"
"2017_1153_1242","0.397675335407257"
"2017_1153_1243","0.570001542568207"
"2017_1153_1245","0.974049508571625"
"2017_1153_1246","0.17622971534729"
"2017_1153_1257","0.28845402598381"
"2017_1153_1266","0.74780285358429"
"2017_1153_1268","0.756712973117828"
"2017_1153_1274","0.674746692180634"
"2017_1153_1276","0.535837471485138"
"2017_1153_1277","0.831074297428131"
"2017_1153_1278","0.508378684520721"
"2017_1153_1291","0.994162380695343"
"2017_1153_1292","0.797858357429504"
"2017_1153_1297","0.993483126163483"
"2017_1153_1300","0.990450203418732"
"2017_1153_1305","0.683346569538116"
"2017_1153_1308","0.828056633472443"
"2017_1153_1309","0.975605607032776"
"2017_1153_1314","0.211660102009773"
"2017_1153_1315","0.979274570941925"
"2017_1153_1321","0.686312675476074"
"2017_1153_1323","0.528278410434723"
"2017_1153_1329","0.412042319774628"
"2017_1153_1332","0.534201920032501"
"2017_1153_1343","0.962898910045624"
"2017_1153_1344","0.824681401252747"
"2017_1153_1345","0.51544326543808"
"2017_1153_1348","0.607615411281586"
"2017_1153_1355","0.980309009552002"
"2017_1153_1371","0.739096343517303"
"2017_1153_1374","0.409639209508896"
"2017_1153_1376","0.537218570709229"
"2017_1153_1388","0.729396879673004"
"2017_1153_1407","0.950166940689087"
"2017_1153_1411","0.961215317249298"
"2017_1153_1413","0.98428612947464"
"2017_1153_1417","0.639873921871185"
"2017_1153_1423","0.83013927936554"
"2017_1153_1425","0.657100975513458"
"2017_1153_1433","0.66229110956192"
"2017_1153_1435","0.739986002445221"
"2017_1153_1436","0.813828408718109"
"2017_1153_1437","0.19589039683342"
"2017_1153_1438","0.502939939498901"
"2017_1153_1439","0.643247246742249"
"2017_1153_1448","0.465578138828278"
"2017_1153_1452","0.267508000135422"
"2017_1153_1455","0.277780026197433"
"2017_1153_1457","0.931272983551025"
"2017_1153_1458","0.629920840263367"
"2017_1153_1462","0.559401988983154"
"2017_1166_1173","0.513489902019501"
"2017_1166_1181","0.0765805393457413"
"2017_1166_1190","0.648728847503662"
"2017_1166_1195","0.798467397689819"
"2017_1166_1196","0.0625837966799736"
"2017_1166_1199","0.0987988710403442"
"2017_1166_1211","0.0443158224225044"
"2017_1166_1233","0.806845664978027"
"2017_1166_1235","0.296406924724579"
"2017_1166_1240","0.967169940471649"
"2017_1166_1242","0.215396583080292"
"2017_1166_1243","0.382549345493317"
"2017_1166_1245","0.803898513317108"
"2017_1166_1246","0.0543982610106468"
"2017_1166_1257","0.0541970431804657"
"2017_1166_1266","0.445561796426773"
"2017_1166_1268","0.557593643665314"
"2017_1166_1274","0.398384779691696"
"2017_1166_1276","0.246699035167694"
"2017_1166_1277","0.637347877025604"
"2017_1166_1278","0.180146187543869"
"2017_1166_1291","0.97804069519043"
"2017_1166_1292","0.53948837518692"
"2017_1166_1297","0.934008002281189"
"2017_1166_1300","0.896934926509857"
"2017_1166_1305","0.547897100448608"
"2017_1166_1308","0.679943263530731"
"2017_1166_1309","0.88804817199707"
"2017_1166_1314","0.0530684515833855"
"2017_1166_1315","0.936713337898254"
"2017_1166_1321","0.430591940879822"
"2017_1166_1323","0.357356309890747"
"2017_1166_1329","0.0929576456546783"
"2017_1166_1332","0.28082275390625"
"2017_1166_1343","0.808724462985992"
"2017_1166_1344","0.637667298316956"
"2017_1166_1345","0.300939917564392"
"2017_1166_1348","0.315515667200089"
"2017_1166_1355","0.960036814212799"
"2017_1166_1371","0.440618962049484"
"2017_1166_1374","0.276716142892838"
"2017_1166_1376","0.180840775370598"
"2017_1166_1388","0.413936972618103"
"2017_1166_1407","0.854405879974365"
"2017_1166_1411","0.769492149353027"
"2017_1166_1413","0.965837776660919"
"2017_1166_1417","0.358946412801743"
"2017_1166_1423","0.63511073589325"
"2017_1166_1425","0.489526182413101"
"2017_1166_1433","0.432275742292404"
"2017_1166_1435","0.595120310783386"
"2017_1166_1436","0.577691555023193"
"2017_1166_1437","0.0330101251602173"
"2017_1166_1438","0.242096975445747"
"2017_1166_1439","0.512159049510956"
"2017_1166_1448","0.137804105877876"
"2017_1166_1452","0.0635959506034851"
"2017_1166_1455","0.0905932188034058"
"2017_1166_1457","0.830375254154205"
"2017_1166_1458","0.370677173137665"
"2017_1166_1462","0.378642022609711"
"2017_1173_1181","0.159055098891258"
"2017_1173_1190","0.715364873409271"
"2017_1173_1195","0.809483766555786"
"2017_1173_1196","0.130461320281029"
"2017_1173_1199","0.226844325661659"
"2017_1173_1211","0.0604262426495552"
"2017_1173_1233","0.923060655593872"
"2017_1173_1235","0.320615291595459"
"2017_1173_1240","0.981693685054779"
"2017_1173_1242","0.262837707996368"
"2017_1173_1243","0.428359121084213"
"2017_1173_1245","0.917592227458954"
"2017_1173_1246","0.10577055066824"
"2017_1173_1257","0.129678770899773"
"2017_1173_1266","0.566068649291992"
"2017_1173_1268","0.685525715351105"
"2017_1173_1274","0.528037905693054"
"2017_1173_1276","0.337464183568954"
"2017_1173_1277","0.793507933616638"
"2017_1173_1278","0.34783199429512"
"2017_1173_1291","0.993688523769379"
"2017_1173_1292","0.62312126159668"
"2017_1173_1297","0.975775241851807"
"2017_1173_1300","0.949139177799225"
"2017_1173_1305","0.49302676320076"
"2017_1173_1308","0.746544361114502"
"2017_1173_1309","0.916864991188049"
"2017_1173_1314","0.119729556143284"
"2017_1173_1315","0.960729122161865"
"2017_1173_1321","0.448351502418518"
"2017_1173_1323","0.350628584623337"
"2017_1173_1329","0.205401316285133"
"2017_1173_1332","0.312427252531052"
"2017_1173_1343","0.919645011425018"
"2017_1173_1344","0.644418656826019"
"2017_1173_1345","0.387599349021912"
"2017_1173_1348","0.402245134115219"
"2017_1173_1355","0.909888744354248"
"2017_1173_1371","0.544716775417328"
"2017_1173_1374","0.270456522703171"
"2017_1173_1376","0.39032045006752"
"2017_1173_1388","0.404461681842804"
"2017_1173_1407","0.857506930828094"
"2017_1173_1411","0.884324610233307"
"2017_1173_1413","0.979676783084869"
"2017_1173_1417","0.452460169792175"
"2017_1173_1423","0.722533881664276"
"2017_1173_1425","0.511296391487122"
"2017_1173_1433","0.494998455047607"
"2017_1173_1435","0.686831593513489"
"2017_1173_1436","0.714647531509399"
"2017_1173_1437","0.0947147160768509"
"2017_1173_1438","0.250143200159073"
"2017_1173_1439","0.519327461719513"
"2017_1173_1448","0.281688541173935"
"2017_1173_1452","0.116629920899868"
"2017_1173_1455","0.155927285552025"
"2017_1173_1457","0.914711892604828"
"2017_1173_1458","0.351426869630814"
"2017_1173_1462","0.451422035694122"
"2017_1181_1190","0.958047449588776"
"2017_1181_1195","0.993510663509369"
"2017_1181_1196","0.517328798770905"
"2017_1181_1199","0.580759406089783"
"2017_1181_1211","0.355126678943634"
"2017_1181_1233","0.994162380695343"
"2017_1181_1235","0.836254835128784"
"2017_1181_1240","0.994162380695343"
"2017_1181_1242","0.661242246627808"
"2017_1181_1243","0.757070600986481"
"2017_1181_1245","0.994063436985016"
"2017_1181_1246","0.341892182826996"
"2017_1181_1257","0.390750706195831"
"2017_1181_1266","0.929442822933197"
"2017_1181_1268","0.939280092716217"
"2017_1181_1274","0.837087273597717"
"2017_1181_1276","0.77089923620224"
"2017_1181_1277","0.963492274284363"
"2017_1181_1278","0.68943202495575"
"2017_1181_1291","0.994162380695343"
"2017_1181_1292","0.914779543876648"
"2017_1181_1297","0.994162380695343"
"2017_1181_1300","0.994148373603821"
"2017_1181_1305","0.785448789596558"
"2017_1181_1308","0.922589063644409"
"2017_1181_1309","0.987571120262146"
"2017_1181_1314","0.404357403516769"
"2017_1181_1315","0.994095921516418"
"2017_1181_1321","0.847157835960388"
"2017_1181_1323","0.762281119823456"
"2017_1181_1329","0.675976097583771"
"2017_1181_1332","0.740378201007843"
"2017_1181_1343","0.970907986164093"
"2017_1181_1344","0.928303599357605"
"2017_1181_1345","0.708537459373474"
"2017_1181_1348","0.823044419288635"
"2017_1181_1355","0.994162380695343"
"2017_1181_1371","0.915055274963379"
"2017_1181_1374","0.745316982269287"
"2017_1181_1376","0.780273139476776"
"2017_1181_1388","0.922408521175385"
"2017_1181_1407","0.990426480770111"
"2017_1181_1411","0.976940631866455"
"2017_1181_1413","0.994162380695343"
"2017_1181_1417","0.883585155010223"
"2017_1181_1423","0.951562225818634"
"2017_1181_1425","0.869143128395081"
"2017_1181_1433","0.880509972572327"
"2017_1181_1435","0.938309729099274"
"2017_1181_1436","0.946847856044769"
"2017_1181_1437","0.493620693683624"
"2017_1181_1438","0.748212456703186"
"2017_1181_1439","0.827036798000336"
"2017_1181_1448","0.640849113464355"
"2017_1181_1452","0.45573952794075"
"2017_1181_1455","0.44778123497963"
"2017_1181_1457","0.993688523769379"
"2017_1181_1458","0.794657945632935"
"2017_1181_1462","0.862174689769745"
"2017_1190_1195","0.660178601741791"
"2017_1190_1196","0.0229186806827784"
"2017_1190_1199","0.112493716180325"
"2017_1190_1211","0.0099186934530735"
"2017_1190_1233","0.71442174911499"
"2017_1190_1235","0.192217946052551"
"2017_1190_1240","0.881845355033875"
"2017_1190_1242","0.0648310258984566"
"2017_1190_1243","0.270946890115738"
"2017_1190_1245","0.768981218338013"
"2017_1190_1246","0.0210716817528009"
"2017_1190_1257","0.0346409492194653"
"2017_1190_1266","0.37315908074379"
"2017_1190_1268","0.393019050359726"
"2017_1190_1274","0.282659947872162"
"2017_1190_1276","0.141721308231354"
"2017_1190_1277","0.43420284986496"
"2017_1190_1278","0.159645602107048"
"2017_1190_1291","0.986126005649567"
"2017_1190_1292","0.408632278442383"
"2017_1190_1297","0.838528156280518"
"2017_1190_1300","0.772785246372223"
"2017_1190_1305","0.313122600317001"
"2017_1190_1308","0.625869333744049"
"2017_1190_1309","0.836317718029022"
"2017_1190_1314","0.0159676317125559"
"2017_1190_1315","0.868637979030609"
"2017_1190_1321","0.320593982934952"
"2017_1190_1323","0.190305173397064"
"2017_1190_1329","0.0773715376853943"
"2017_1190_1332","0.114349648356438"
"2017_1190_1343","0.80677342414856"
"2017_1190_1344","0.450235813856125"
"2017_1190_1345","0.113290354609489"
"2017_1190_1348","0.236770167946815"
"2017_1190_1355","0.780229210853577"
"2017_1190_1371","0.273048579692841"
"2017_1190_1374","0.089253306388855"
"2017_1190_1376","0.271996825933456"
"2017_1190_1388","0.197216212749481"
"2017_1190_1407","0.661372780799866"
"2017_1190_1411","0.758509993553162"
"2017_1190_1413","0.921549081802368"
"2017_1190_1417","0.15354286134243"
"2017_1190_1423","0.561232149600983"
"2017_1190_1425","0.378551244735718"
"2017_1190_1433","0.302841335535049"
"2017_1190_1435","0.385870814323425"
"2017_1190_1436","0.506774723529816"
"2017_1190_1437","0.0243963543325663"
"2017_1190_1438","0.124912559986115"
"2017_1190_1439","0.322326421737671"
"2017_1190_1448","0.139683485031128"
"2017_1190_1452","0.0859332382678986"
"2017_1190_1455","0.060767725110054"
"2017_1190_1457","0.731611251831055"
"2017_1190_1458","0.22714951634407"
"2017_1190_1462","0.197850450873375"
"2017_1195_1196","0.00571830244734883"
"2017_1195_1199","0.00809044577181339"
"2017_1195_1211","0.00571830244734883"
"2017_1195_1233","0.554663419723511"
"2017_1195_1235","0.0308194812387228"
"2017_1195_1240","0.709582924842834"
"2017_1195_1242","0.0206591784954071"
"2017_1195_1243","0.135697245597839"
"2017_1195_1245","0.548344552516937"
"2017_1195_1246","0.00571830244734883"
"2017_1195_1257","0.00637683272361755"
"2017_1195_1266","0.173882409930229"
"2017_1195_1268","0.207600101828575"
"2017_1195_1274","0.210447520017624"
"2017_1195_1276","0.0751441717147827"
"2017_1195_1277","0.221126526594162"
"2017_1195_1278","0.0326700136065483"
"2017_1195_1291","0.856683254241943"
"2017_1195_1292","0.223909944295883"
"2017_1195_1297","0.680715024471283"
"2017_1195_1300","0.665813326835632"
"2017_1195_1305","0.124553062021732"
"2017_1195_1308","0.359026253223419"
"2017_1195_1309","0.566397964954376"
"2017_1195_1314","0.00597757240757346"
"2017_1195_1315","0.65326452255249"
"2017_1195_1321","0.0963081941008568"
"2017_1195_1323","0.0530609749257565"
"2017_1195_1329","0.0290290415287018"
"2017_1195_1332","0.0336933434009552"
"2017_1195_1343","0.505457699298859"
"2017_1195_1344","0.222259178757668"
"2017_1195_1345","0.0223361793905497"
"2017_1195_1348","0.0912528559565544"
"2017_1195_1355","0.63944685459137"
"2017_1195_1371","0.212504580616951"
"2017_1195_1374","0.021826758980751"
"2017_1195_1376","0.144494473934174"
"2017_1195_1388","0.0641213655471802"
"2017_1195_1407","0.494170516729355"
"2017_1195_1411","0.472874224185944"
"2017_1195_1413","0.743931412696838"
"2017_1195_1417","0.0719936490058899"
"2017_1195_1423","0.282290488481522"
"2017_1195_1425","0.111482761800289"
"2017_1195_1433","0.179111942648888"
"2017_1195_1435","0.243498951196671"
"2017_1195_1436","0.249425902962685"
"2017_1195_1437","0.012819922529161"
"2017_1195_1438","0.0299155525863171"
"2017_1195_1439","0.136655658483505"
"2017_1195_1448","0.0138865746557713"
"2017_1195_1452","0.00658140797168016"
"2017_1195_1455","0.00658140797168016"
"2017_1195_1457","0.535976827144623"
"2017_1195_1458","0.0424659848213196"
"2017_1195_1462","0.140438035130501"
"2017_1196_1199","0.621329486370087"
"2017_1196_1211","0.302450686693192"
"2017_1196_1233","0.994162380695343"
"2017_1196_1235","0.888231456279755"
"2017_1196_1240","0.994162380695343"
"2017_1196_1242","0.693207859992981"
"2017_1196_1243","0.752988040447235"
"2017_1196_1245","0.994002401828766"
"2017_1196_1246","0.37328976392746"
"2017_1196_1257","0.515266478061676"
"2017_1196_1266","0.950018465518951"
"2017_1196_1268","0.954586803913116"
"2017_1196_1274","0.860398650169373"
"2017_1196_1276","0.819209277629852"
"2017_1196_1277","0.950311422348022"
"2017_1196_1278","0.754378259181976"
"2017_1196_1291","0.994162380695343"
"2017_1196_1292","0.93816876411438"
"2017_1196_1297","0.994162380695343"
"2017_1196_1300","0.993535280227661"
"2017_1196_1305","0.81070876121521"
"2017_1196_1308","0.974666655063629"
"2017_1196_1309","0.990540742874146"
"2017_1196_1314","0.464920848608017"
"2017_1196_1315","0.994162380695343"
"2017_1196_1321","0.857958555221558"
"2017_1196_1323","0.823536217212677"
"2017_1196_1329","0.693285524845123"
"2017_1196_1332","0.82624763250351"
"2017_1196_1343","0.974706172943115"
"2017_1196_1344","0.951948881149292"
"2017_1196_1345","0.79405415058136"
"2017_1196_1348","0.826672613620758"
"2017_1196_1355","0.993859767913818"
"2017_1196_1371","0.896783590316772"
"2017_1196_1374","0.651888847351074"
"2017_1196_1376","0.849399387836456"
"2017_1196_1388","0.892436623573303"
"2017_1196_1407","0.994063436985016"
"2017_1196_1411","0.975626587867737"
"2017_1196_1413","0.994162380695343"
"2017_1196_1417","0.871371567249298"
"2017_1196_1423","0.948672592639923"
"2017_1196_1425","0.848799645900726"
"2017_1196_1433","0.908263683319092"
"2017_1196_1435","0.910188317298889"
"2017_1196_1436","0.98008394241333"
"2017_1196_1437","0.484842598438263"
"2017_1196_1438","0.816192388534546"
"2017_1196_1439","0.894521713256836"
"2017_1196_1448","0.707518577575684"
"2017_1196_1452","0.501694798469543"
"2017_1196_1455","0.556115627288818"
"2017_1196_1457","0.992763221263885"
"2017_1196_1458","0.839006543159485"
"2017_1196_1462","0.834047675132751"
"2017_1199_1211","0.236342862248421"
"2017_1199_1233","0.990176618099213"
"2017_1199_1235","0.738118231296539"
"2017_1199_1240","0.994162380695343"
"2017_1199_1242","0.530404031276703"
"2017_1199_1243","0.677988171577454"
"2017_1199_1245","0.990607857704163"
"2017_1199_1246","0.295682370662689"
"2017_1199_1257","0.453013211488724"
"2017_1199_1266","0.91716194152832"
"2017_1199_1268","0.811756014823914"
"2017_1199_1274","0.770820200443268"
"2017_1199_1276","0.626026451587677"
"2017_1199_1277","0.919784545898438"
"2017_1199_1278","0.612025320529938"
"2017_1199_1291","0.994162380695343"
"2017_1199_1292","0.879206001758575"
"2017_1199_1297","0.99405562877655"
"2017_1199_1300","0.994069933891296"
"2017_1199_1305","0.720063209533691"
"2017_1199_1308","0.923386216163635"
"2017_1199_1309","0.981145679950714"
"2017_1199_1314","0.375868856906891"
"2017_1199_1315","0.993755698204041"
"2017_1199_1321","0.786109030246735"
"2017_1199_1323","0.62762451171875"
"2017_1199_1329","0.547517955303192"
"2017_1199_1332","0.584087193012238"
"2017_1199_1343","0.941084921360016"
"2017_1199_1344","0.869051396846771"
"2017_1199_1345","0.603239476680756"
"2017_1199_1348","0.814909934997559"
"2017_1199_1355","0.99368155002594"
"2017_1199_1371","0.8163081407547"
"2017_1199_1374","0.619355618953705"
"2017_1199_1376","0.687409520149231"
"2017_1199_1388","0.863147377967834"
"2017_1199_1407","0.98744535446167"
"2017_1199_1411","0.972400665283203"
"2017_1199_1413","0.994095921516418"
"2017_1199_1417","0.791191518306732"
"2017_1199_1423","0.911783397197723"
"2017_1199_1425","0.825875580310822"
"2017_1199_1433","0.793655276298523"
"2017_1199_1435","0.86993271112442"
"2017_1199_1436","0.913612365722656"
"2017_1199_1437","0.365904688835144"
"2017_1199_1438","0.549024224281311"
"2017_1199_1439","0.73817241191864"
"2017_1199_1448","0.622563004493713"
"2017_1199_1452","0.414692491292953"
"2017_1199_1455","0.344230711460114"
"2017_1199_1457","0.978436172008514"
"2017_1199_1458","0.649812042713165"
"2017_1199_1462","0.769208788871765"
"2017_1211_1233","0.994094431400299"
"2017_1211_1235","0.933843910694122"
"2017_1211_1240","0.994069933891296"
"2017_1211_1242","0.768464207649231"
"2017_1211_1243","0.943329632282257"
"2017_1211_1245","0.994002401828766"
"2017_1211_1246","0.513287305831909"
"2017_1211_1257","0.675281822681427"
"2017_1211_1266","0.97219443321228"
"2017_1211_1268","0.980306267738342"
"2017_1211_1274","0.95241504907608"
"2017_1211_1276","0.878237247467041"
"2017_1211_1277","0.9838787317276"
"2017_1211_1278","0.902424097061157"
"2017_1211_1291","0.994162380695343"
"2017_1211_1292","0.990637362003326"
"2017_1211_1297","0.994162380695343"
"2017_1211_1300","0.994162380695343"
"2017_1211_1305","0.926351547241211"
"2017_1211_1308","0.988001883029938"
"2017_1211_1309","0.990961492061615"
"2017_1211_1314","0.602868497371674"
"2017_1211_1315","0.994162380695343"
"2017_1211_1321","0.961755454540253"
"2017_1211_1323","0.86632889509201"
"2017_1211_1329","0.816080629825592"
"2017_1211_1332","0.859473705291748"
"2017_1211_1343","0.984996557235718"
"2017_1211_1344","0.977537035942078"
"2017_1211_1345","0.837051451206207"
"2017_1211_1348","0.944204807281494"
"2017_1211_1355","0.994148373603821"
"2017_1211_1371","0.973271429538727"
"2017_1211_1374","0.763506233692169"
"2017_1211_1376","0.91804051399231"
"2017_1211_1388","0.950684905052185"
"2017_1211_1407","0.994049191474915"
"2017_1211_1411","0.977380216121674"
"2017_1211_1413","0.994162380695343"
"2017_1211_1417","0.940508842468262"
"2017_1211_1423","0.987953782081604"
"2017_1211_1425","0.930655121803284"
"2017_1211_1433","0.965591073036194"
"2017_1211_1435","0.979545950889587"
"2017_1211_1436","0.993264436721802"
"2017_1211_1437","0.679421961307526"
"2017_1211_1438","0.857058823108673"
"2017_1211_1439","0.93372255563736"
"2017_1211_1448","0.887092769145966"
"2017_1211_1452","0.6938117146492"
"2017_1211_1455","0.700816929340363"
"2017_1211_1457","0.994162380695343"
"2017_1211_1458","0.886756002902985"
"2017_1211_1462","0.949724733829498"
"2017_1233_1235","0.0236277692019939"
"2017_1233_1240","0.630996644496918"
"2017_1233_1242","0.0194995012134314"
"2017_1233_1243","0.0770257785916328"
"2017_1233_1245","0.424560695886612"
"2017_1233_1246","0.00574482418596745"
"2017_1233_1257","0.00571830244734883"
"2017_1233_1266","0.233071655035019"
"2017_1233_1268","0.259341686964035"
"2017_1233_1274","0.107714645564556"
"2017_1233_1276","0.0579382255673409"
"2017_1233_1277","0.207490652799606"
"2017_1233_1278","0.0469724722206593"
"2017_1233_1291","0.806191802024841"
"2017_1233_1292","0.133316919207573"
"2017_1233_1297","0.619341194629669"
"2017_1233_1300","0.61011153459549"
"2017_1233_1305","0.0782471150159836"
"2017_1233_1308","0.292436689138412"
"2017_1233_1309","0.405262351036072"
"2017_1233_1314","0.00571830244734883"
"2017_1233_1315","0.566464722156525"
"2017_1233_1321","0.123877502977848"
"2017_1233_1323","0.0689918845891953"
"2017_1233_1329","0.0247954223304987"
"2017_1233_1332","0.0320147462189198"
"2017_1233_1343","0.431754589080811"
"2017_1233_1344","0.252111285924911"
"2017_1233_1345","0.0289832800626755"
"2017_1233_1348","0.0512849539518356"
"2017_1233_1355","0.533145427703857"
"2017_1233_1371","0.126990959048271"
"2017_1233_1374","0.0203598365187645"
"2017_1233_1376","0.0630864575505257"
"2017_1233_1388","0.0921976566314697"
"2017_1233_1407","0.409680485725403"
"2017_1233_1411","0.279492229223251"
"2017_1233_1413","0.712507307529449"
"2017_1233_1417","0.0260398648679256"
"2017_1233_1423","0.219808548688889"
"2017_1233_1425","0.0788722261786461"
"2017_1233_1433","0.0707667991518974"
"2017_1233_1435","0.142366006970406"
"2017_1233_1436","0.275653183460236"
"2017_1233_1437","0.00919573940336704"
"2017_1233_1438","0.0236699432134628"
"2017_1233_1439","0.153238758444786"
"2017_1233_1448","0.0287027321755886"
"2017_1233_1452","0.00598946446552873"
"2017_1233_1455","0.00749275553971529"
"2017_1233_1457","0.535668730735779"
"2017_1233_1458","0.0423342883586884"
"2017_1233_1462","0.0489423833787441"
"2017_1235_1240","0.980407893657684"
"2017_1235_1242","0.329847484827042"
"2017_1235_1243","0.532202541828156"
"2017_1235_1245","0.966075479984283"
"2017_1235_1246","0.0926781967282295"
"2017_1235_1257","0.207724168896675"
"2017_1235_1266","0.710410475730896"
"2017_1235_1268","0.684845209121704"
"2017_1235_1274","0.568551182746887"
"2017_1235_1276","0.431931227445602"
"2017_1235_1277","0.762570858001709"
"2017_1235_1278","0.292257040739059"
"2017_1235_1291","0.988806128501892"
"2017_1235_1292","0.753681004047394"
"2017_1235_1297","0.975347280502319"
"2017_1235_1300","0.970810890197754"
"2017_1235_1305","0.646782457828522"
"2017_1235_1308","0.644673049449921"
"2017_1235_1309","0.958017349243164"
"2017_1235_1314","0.198495417833328"
"2017_1235_1315","0.971904516220093"
"2017_1235_1321","0.603119492530823"
"2017_1235_1323","0.389849901199341"
"2017_1235_1329","0.352421462535858"
"2017_1235_1332","0.397968143224716"
"2017_1235_1343","0.976997017860413"
"2017_1235_1344","0.798474133014679"
"2017_1235_1345","0.397688150405884"
"2017_1235_1348","0.562034547328949"
"2017_1235_1355","0.973596215248108"
"2017_1235_1371","0.704624235630035"
"2017_1235_1374","0.363387644290924"
"2017_1235_1376","0.47694343328476"
"2017_1235_1388","0.672861456871033"
"2017_1235_1407","0.942938685417175"
"2017_1235_1411","0.941479206085205"
"2017_1235_1413","0.975401818752289"
"2017_1235_1417","0.579802453517914"
"2017_1235_1423","0.810861349105835"
"2017_1235_1425","0.777871668338776"
"2017_1235_1433","0.658460021018982"
"2017_1235_1435","0.657918095588684"
"2017_1235_1436","0.831332921981812"
"2017_1235_1437","0.178750589489937"
"2017_1235_1438","0.335441380739212"
"2017_1235_1439","0.554614543914795"
"2017_1235_1448","0.390638768672943"
"2017_1235_1452","0.141229674220085"
"2017_1235_1455","0.133142426609993"
"2017_1235_1457","0.875124931335449"
"2017_1235_1458","0.525634169578552"
"2017_1235_1462","0.537729203701019"
"2017_1240_1242","0.00647064065560699"
"2017_1240_1243","0.0153957000002265"
"2017_1240_1245","0.30225083231926"
"2017_1240_1246","0.00915099494159222"
"2017_1240_1257","0.00571830244734883"
"2017_1240_1266","0.0347744561731815"
"2017_1240_1268","0.0453338176012039"
"2017_1240_1274","0.0320799499750137"
"2017_1240_1276","0.0131457885727286"
"2017_1240_1277","0.117715686559677"
"2017_1240_1278","0.027879236266017"
"2017_1240_1291","0.683766901493073"
"2017_1240_1292","0.0984438434243202"
"2017_1240_1297","0.411441951990128"
"2017_1240_1300","0.401779919862747"
"2017_1240_1305","0.021785082295537"
"2017_1240_1308","0.156124144792557"
"2017_1240_1309","0.321621894836426"
"2017_1240_1314","0.00571830244734883"
"2017_1240_1315","0.420104622840881"
"2017_1240_1321","0.0232154875993729"
"2017_1240_1323","0.0102837327867746"
"2017_1240_1329","0.00574482418596745"
"2017_1240_1332","0.0103577747941017"
"2017_1240_1343","0.205394715070724"
"2017_1240_1344","0.115414522588253"
"2017_1240_1345","0.0124350758269429"
"2017_1240_1348","0.022468313574791"
"2017_1240_1355","0.32707554101944"
"2017_1240_1371","0.0351124182343483"
"2017_1240_1374","0.00582951912656426"
"2017_1240_1376","0.0301774498075247"
"2017_1240_1388","0.0229461435228586"
"2017_1240_1407","0.276973605155945"
"2017_1240_1411","0.184658482670784"
"2017_1240_1413","0.499424040317535"
"2017_1240_1417","0.0197475664317608"
"2017_1240_1423","0.136301353573799"
"2017_1240_1425","0.024508411064744"
"2017_1240_1433","0.0314799435436726"
"2017_1240_1435","0.0264027733355761"
"2017_1240_1436","0.107281148433685"
"2017_1240_1437","0.00571830244734883"
"2017_1240_1438","0.0202402174472809"
"2017_1240_1439","0.0389978475868702"
"2017_1240_1448","0.00629611033946276"
"2017_1240_1452","0.00575985061004758"
"2017_1240_1455","0.00589941302314401"
"2017_1240_1457","0.264538556337357"
"2017_1240_1458","0.0141098853200674"
"2017_1240_1462","0.0123010706156492"
"2017_1242_1243","0.675119757652283"
"2017_1242_1245","0.976107597351074"
"2017_1242_1246","0.182136610150337"
"2017_1242_1257","0.354243457317352"
"2017_1242_1266","0.709447979927063"
"2017_1242_1268","0.893925249576569"
"2017_1242_1274","0.766897261142731"
"2017_1242_1276","0.642383277416229"
"2017_1242_1277","0.895706176757812"
"2017_1242_1278","0.60552716255188"
"2017_1242_1291","0.994162380695343"
"2017_1242_1292","0.848561704158783"
"2017_1242_1297","0.993534207344055"
"2017_1242_1300","0.988078057765961"
"2017_1242_1305","0.709387183189392"
"2017_1242_1308","0.899990975856781"
"2017_1242_1309","0.972998440265656"
"2017_1242_1314","0.329823046922684"
"2017_1242_1315","0.978939831256866"
"2017_1242_1321","0.830943048000336"
"2017_1242_1323","0.621340990066528"
"2017_1242_1329","0.519267022609711"
"2017_1242_1332","0.611410319805145"
"2017_1242_1343","0.971462070941925"
"2017_1242_1344","0.854859173297882"
"2017_1242_1345","0.610021889209747"
"2017_1242_1348","0.776908040046692"
"2017_1242_1355","0.98056972026825"
"2017_1242_1371","0.858823537826538"
"2017_1242_1374","0.553194761276245"
"2017_1242_1376","0.68628716468811"
"2017_1242_1388","0.684017539024353"
"2017_1242_1407","0.975381076335907"
"2017_1242_1411","0.955362915992737"
"2017_1242_1413","0.981067419052124"
"2017_1242_1417","0.678385555744171"
"2017_1242_1423","0.887602508068085"
"2017_1242_1425","0.838545680046082"
"2017_1242_1433","0.809163868427277"
"2017_1242_1435","0.808663785457611"
"2017_1242_1436","0.857316970825195"
"2017_1242_1437","0.27906858921051"
"2017_1242_1438","0.510983645915985"
"2017_1242_1439","0.743850350379944"
"2017_1242_1448","0.520320117473602"
"2017_1242_1452","0.333293944597244"
"2017_1242_1455","0.369675815105438"
"2017_1242_1457","0.985158979892731"
"2017_1242_1458","0.641303658485413"
"2017_1242_1462","0.740772366523743"
"2017_1243_1245","0.820404827594757"
"2017_1243_1246","0.122231386601925"
"2017_1243_1257","0.181911662220955"
"2017_1243_1266","0.637301564216614"
"2017_1243_1268","0.61978006362915"
"2017_1243_1274","0.492683231830597"
"2017_1243_1276","0.492593377828598"
"2017_1243_1277","0.811038136482239"
"2017_1243_1278","0.348167598247528"
"2017_1243_1291","0.994069933891296"
"2017_1243_1292","0.583502590656281"
"2017_1243_1297","0.964476227760315"
"2017_1243_1300","0.918070256710052"
"2017_1243_1305","0.509204506874084"
"2017_1243_1308","0.698179721832275"
"2017_1243_1309","0.908181250095367"
"2017_1243_1314","0.182258009910583"
"2017_1243_1315","0.906058371067047"
"2017_1243_1321","0.541531980037689"
"2017_1243_1323","0.452821254730225"
"2017_1243_1329","0.27054488658905"
"2017_1243_1332","0.378684759140015"
"2017_1243_1343","0.921104967594147"
"2017_1243_1344","0.673205435276031"
"2017_1243_1345","0.384688407182693"
"2017_1243_1348","0.479847401380539"
"2017_1243_1355","0.887993097305298"
"2017_1243_1371","0.597475111484528"
"2017_1243_1374","0.343140006065369"
"2017_1243_1376","0.394398748874664"
"2017_1243_1388","0.476962685585022"
"2017_1243_1407","0.838479936122894"
"2017_1243_1411","0.880430042743683"
"2017_1243_1413","0.966128528118134"
"2017_1243_1417","0.49178621172905"
"2017_1243_1423","0.67957603931427"
"2017_1243_1425","0.62605619430542"
"2017_1243_1433","0.585004568099976"
"2017_1243_1435","0.625847399234772"
"2017_1243_1436","0.662766396999359"
"2017_1243_1437","0.107959866523743"
"2017_1243_1438","0.385909169912338"
"2017_1243_1439","0.560603380203247"
"2017_1243_1448","0.356020450592041"
"2017_1243_1452","0.200554355978966"
"2017_1243_1455","0.177754417061806"
"2017_1243_1457","0.881783187389374"
"2017_1243_1458","0.471315801143646"
"2017_1243_1462","0.46172770857811"
"2017_1245_1246","0.00571830244734883"
"2017_1245_1257","0.00995754078030586"
"2017_1245_1266","0.164728105068207"
"2017_1245_1268","0.114987418055534"
"2017_1245_1274","0.169563189148903"
"2017_1245_1276","0.0330270156264305"
"2017_1245_1277","0.23337060213089"
"2017_1245_1278","0.0428421646356583"
"2017_1245_1291","0.831770300865173"
"2017_1245_1292","0.149051129817963"
"2017_1245_1297","0.652990937232971"
"2017_1245_1300","0.704351842403412"
"2017_1245_1305","0.0973150134086609"
"2017_1245_1308","0.366339087486267"
"2017_1245_1309","0.471633166074753"
"2017_1245_1314","0.00718048727139831"
"2017_1245_1315","0.592588424682617"
"2017_1245_1321","0.118939787149429"
"2017_1245_1323","0.0276472959667444"
"2017_1245_1329","0.0140873752534389"
"2017_1245_1332","0.0274997893720865"
"2017_1245_1343","0.378988772630692"
"2017_1245_1344","0.261749714612961"
"2017_1245_1345","0.0252021849155426"
"2017_1245_1348","0.0765053555369377"
"2017_1245_1355","0.599539160728455"
"2017_1245_1371","0.185818016529083"
"2017_1245_1374","0.0206812042742968"
"2017_1245_1376","0.0867240205407143"
"2017_1245_1388","0.054807361215353"
"2017_1245_1407","0.429682463407516"
"2017_1245_1411","0.422790944576263"
"2017_1245_1413","0.64314866065979"
"2017_1245_1417","0.0308448541909456"
"2017_1245_1423","0.189199194312096"
"2017_1245_1425","0.0899600982666016"
"2017_1245_1433","0.128469482064247"
"2017_1245_1435","0.108672291040421"
"2017_1245_1436","0.239010095596313"
"2017_1245_1437","0.0175373535603285"
"2017_1245_1438","0.0607531704008579"
"2017_1245_1439","0.128597468137741"
"2017_1245_1448","0.0145898768678308"
"2017_1245_1452","0.00866306014358997"
"2017_1245_1455","0.00836405623704195"
"2017_1245_1457","0.53460955619812"
"2017_1245_1458","0.0309836007654667"
"2017_1245_1462","0.0846095010638237"
"2017_1246_1257","0.649052500724792"
"2017_1246_1266","0.944889843463898"
"2017_1246_1268","0.956495940685272"
"2017_1246_1274","0.958941698074341"
"2017_1246_1276","0.902684390544891"
"2017_1246_1277","0.962739586830139"
"2017_1246_1278","0.867893040180206"
"2017_1246_1291","0.994162380695343"
"2017_1246_1292","0.974772989749908"
"2017_1246_1297","0.994162380695343"
"2017_1246_1300","0.994105696678162"
"2017_1246_1305","0.931786179542542"
"2017_1246_1308","0.993656814098358"
"2017_1246_1309","0.994095921516418"
"2017_1246_1314","0.611657381057739"
"2017_1246_1315","0.994162380695343"
"2017_1246_1321","0.949893057346344"
"2017_1246_1323","0.898745656013489"
"2017_1246_1329","0.743327438831329"
"2017_1246_1332","0.89645528793335"
"2017_1246_1343","0.976509273052216"
"2017_1246_1344","0.971179187297821"
"2017_1246_1345","0.896165490150452"
"2017_1246_1348","0.912288546562195"
"2017_1246_1355","0.994148373603821"
"2017_1246_1371","0.962450742721558"
"2017_1246_1374","0.821560204029083"
"2017_1246_1376","0.842220067977905"
"2017_1246_1388","0.897443950176239"
"2017_1246_1407","0.994069933891296"
"2017_1246_1411","0.981067419052124"
"2017_1246_1413","0.994162380695343"
"2017_1246_1417","0.884292304515839"
"2017_1246_1423","0.96399188041687"
"2017_1246_1425","0.967457115650177"
"2017_1246_1433","0.944855213165283"
"2017_1246_1435","0.945717930793762"
"2017_1246_1436","0.990319013595581"
"2017_1246_1437","0.540497839450836"
"2017_1246_1438","0.822422862052917"
"2017_1246_1439","0.959516882896423"
"2017_1246_1448","0.79289835691452"
"2017_1246_1452","0.656602621078491"
"2017_1246_1455","0.619038999080658"
"2017_1246_1457","0.994148373603821"
"2017_1246_1458","0.918716847896576"
"2017_1246_1462","0.89091169834137"
"2017_1257_1266","0.940201580524445"
"2017_1257_1268","0.871019005775452"
"2017_1257_1274","0.856531918048859"
"2017_1257_1276","0.711187243461609"
"2017_1257_1277","0.943597793579102"
"2017_1257_1278","0.719359278678894"
"2017_1257_1291","0.994162380695343"
"2017_1257_1292","0.919026255607605"
"2017_1257_1297","0.993998527526855"
"2017_1257_1300","0.994069933891296"
"2017_1257_1305","0.851193308830261"
"2017_1257_1308","0.967995226383209"
"2017_1257_1309","0.980762779712677"
"2017_1257_1314","0.461390644311905"
"2017_1257_1315","0.990322411060333"
"2017_1257_1321","0.845253884792328"
"2017_1257_1323","0.70739471912384"
"2017_1257_1329","0.606121242046356"
"2017_1257_1332","0.695022284984589"
"2017_1257_1343","0.977074086666107"
"2017_1257_1344","0.889230191707611"
"2017_1257_1345","0.6868776679039"
"2017_1257_1348","0.851131319999695"
"2017_1257_1355","0.993795156478882"
"2017_1257_1371","0.875317335128784"
"2017_1257_1374","0.658361732959747"
"2017_1257_1376","0.783504605293274"
"2017_1257_1388","0.908858954906464"
"2017_1257_1407","0.988418281078339"
"2017_1257_1411","0.97396457195282"
"2017_1257_1413","0.994026899337769"
"2017_1257_1417","0.867539823055267"
"2017_1257_1423","0.946371138095856"
"2017_1257_1425","0.873310565948486"
"2017_1257_1433","0.840681135654449"
"2017_1257_1435","0.927661597728729"
"2017_1257_1436","0.967254638671875"
"2017_1257_1437","0.430005073547363"
"2017_1257_1438","0.669461190700531"
"2017_1257_1439","0.833595454692841"
"2017_1257_1448","0.687795698642731"
"2017_1257_1452","0.479869961738586"
"2017_1257_1455","0.607694983482361"
"2017_1257_1457","0.992486357688904"
"2017_1257_1458","0.746076762676239"
"2017_1257_1462","0.814876854419708"
"2017_1266_1268","0.475730746984482"
"2017_1266_1274","0.423906177282333"
"2017_1266_1276","0.267435371875763"
"2017_1266_1277","0.681291341781616"
"2017_1266_1278","0.164188981056213"
"2017_1266_1291","0.981006026268005"
"2017_1266_1292","0.424371004104614"
"2017_1266_1297","0.927791774272919"
"2017_1266_1300","0.895000219345093"
"2017_1266_1305","0.439812451601028"
"2017_1266_1308","0.651561439037323"
"2017_1266_1309","0.909033358097076"
"2017_1266_1314","0.0704897046089172"
"2017_1266_1315","0.898064851760864"
"2017_1266_1321","0.394609063863754"
"2017_1266_1323","0.24349470436573"
"2017_1266_1329","0.155274227261543"
"2017_1266_1332","0.219294458627701"
"2017_1266_1343","0.781375885009766"
"2017_1266_1344","0.484414517879486"
"2017_1266_1345","0.217028334736824"
"2017_1266_1348","0.311238199472427"
"2017_1266_1355","0.924206078052521"
"2017_1266_1371","0.520343124866486"
"2017_1266_1374","0.206820532679558"
"2017_1266_1376","0.245868980884552"
"2017_1266_1388","0.306241035461426"
"2017_1266_1407","0.779171705245972"
"2017_1266_1411","0.912588179111481"
"2017_1266_1413","0.968662083148956"
"2017_1266_1417","0.36616975069046"
"2017_1266_1423","0.622636675834656"
"2017_1266_1425","0.444228231906891"
"2017_1266_1433","0.406499832868576"
"2017_1266_1435","0.561972796916962"
"2017_1266_1436","0.478692412376404"
"2017_1266_1437","0.0512348189949989"
"2017_1266_1438","0.110446535050869"
"2017_1266_1439","0.424539506435394"
"2017_1266_1448","0.148342430591583"
"2017_1266_1452","0.0354764014482498"
"2017_1266_1455","0.0724060162901878"
"2017_1266_1457","0.779654622077942"
"2017_1266_1458","0.255512624979019"
"2017_1266_1462","0.331847280263901"
"2017_1268_1274","0.423947513103485"
"2017_1268_1276","0.282160401344299"
"2017_1268_1277","0.582098066806793"
"2017_1268_1278","0.174490064382553"
"2017_1268_1291","0.993202388286591"
"2017_1268_1292","0.523621022701263"
"2017_1268_1297","0.904938817024231"
"2017_1268_1300","0.793681979179382"
"2017_1268_1305","0.395719021558762"
"2017_1268_1308","0.685869097709656"
"2017_1268_1309","0.856947422027588"
"2017_1268_1314","0.0664465948939323"
"2017_1268_1315","0.917216598987579"
"2017_1268_1321","0.377244025468826"
"2017_1268_1323","0.293282866477966"
"2017_1268_1329","0.139505624771118"
"2017_1268_1332","0.208024054765701"
"2017_1268_1343","0.855145573616028"
"2017_1268_1344","0.51045286655426"
"2017_1268_1345","0.282566010951996"
"2017_1268_1348","0.336406588554382"
"2017_1268_1355","0.7972811460495"
"2017_1268_1371","0.391405165195465"
"2017_1268_1374","0.16967885196209"
"2017_1268_1376","0.310490220785141"
"2017_1268_1388","0.344648391008377"
"2017_1268_1407","0.710142731666565"
"2017_1268_1411","0.785835802555084"
"2017_1268_1413","0.958925247192383"
"2017_1268_1417","0.349098712205887"
"2017_1268_1423","0.687824606895447"
"2017_1268_1425","0.395776212215424"
"2017_1268_1433","0.393120408058167"
"2017_1268_1435","0.468308091163635"
"2017_1268_1436","0.583081007003784"
"2017_1268_1437","0.0649853274226189"
"2017_1268_1438","0.135455787181854"
"2017_1268_1439","0.350124925374985"
"2017_1268_1448","0.222645372152328"
"2017_1268_1452","0.124582588672638"
"2017_1268_1455","0.088474415242672"
"2017_1268_1457","0.843543112277985"
"2017_1268_1458","0.328950881958008"
"2017_1268_1462","0.346519142389297"
"2017_1274_1276","0.406659543514252"
"2017_1274_1277","0.68770557641983"
"2017_1274_1278","0.275253862142563"
"2017_1274_1291","0.994105696678162"
"2017_1274_1292","0.582903206348419"
"2017_1274_1297","0.980662882328033"
"2017_1274_1300","0.903723061084747"
"2017_1274_1305","0.501540780067444"
"2017_1274_1308","0.809837102890015"
"2017_1274_1309","0.920579314231873"
"2017_1274_1314","0.139513924717903"
"2017_1274_1315","0.900349915027618"
"2017_1274_1321","0.557772874832153"
"2017_1274_1323","0.359692305326462"
"2017_1274_1329","0.259439736604691"
"2017_1274_1332","0.331929683685303"
"2017_1274_1343","0.903407156467438"
"2017_1274_1344","0.607461452484131"
"2017_1274_1345","0.344640821218491"
"2017_1274_1348","0.384896636009216"
"2017_1274_1355","0.928413033485413"
"2017_1274_1371","0.551743865013123"
"2017_1274_1374","0.268494874238968"
"2017_1274_1376","0.412872791290283"
"2017_1274_1388","0.487366676330566"
"2017_1274_1407","0.876530408859253"
"2017_1274_1411","0.900506615638733"
"2017_1274_1413","0.976295232772827"
"2017_1274_1417","0.513323903083801"
"2017_1274_1423","0.655667126178741"
"2017_1274_1425","0.535641551017761"
"2017_1274_1433","0.450863271951675"
"2017_1274_1435","0.52932995557785"
"2017_1274_1436","0.673908710479736"
"2017_1274_1437","0.0992519930005074"
"2017_1274_1438","0.307338625192642"
"2017_1274_1439","0.435442626476288"
"2017_1274_1448","0.305539011955261"
"2017_1274_1452","0.143026113510132"
"2017_1274_1455","0.16867607831955"
"2017_1274_1457","0.802502870559692"
"2017_1274_1458","0.399151355028152"
"2017_1274_1462","0.406392425298691"
"2017_1276_1277","0.765514850616455"
"2017_1276_1278","0.40612867474556"
"2017_1276_1291","0.993896901607513"
"2017_1276_1292","0.659415006637573"
"2017_1276_1297","0.981487512588501"
"2017_1276_1300","0.963334083557129"
"2017_1276_1305","0.708938479423523"
"2017_1276_1308","0.749969244003296"
"2017_1276_1309","0.965970516204834"
"2017_1276_1314","0.258620142936707"
"2017_1276_1315","0.95611709356308"
"2017_1276_1321","0.611253321170807"
"2017_1276_1323","0.532051861286163"
"2017_1276_1329","0.383494049310684"
"2017_1276_1332","0.459560066461563"
"2017_1276_1343","0.92770117521286"
"2017_1276_1344","0.765751779079437"
"2017_1276_1345","0.505566477775574"
"2017_1276_1348","0.54466325044632"
"2017_1276_1355","0.963121592998505"
"2017_1276_1371","0.60606974363327"
"2017_1276_1374","0.33398225903511"
"2017_1276_1376","0.43251046538353"
"2017_1276_1388","0.597006976604462"
"2017_1276_1407","0.890421271324158"
"2017_1276_1411","0.885141670703888"
"2017_1276_1413","0.977458655834198"
"2017_1276_1417","0.630803048610687"
"2017_1276_1423","0.763314664363861"
"2017_1276_1425","0.75929844379425"
"2017_1276_1433","0.56058257818222"
"2017_1276_1435","0.725315928459167"
"2017_1276_1436","0.818506717681885"
"2017_1276_1437","0.200168594717979"
"2017_1276_1438","0.463153570890427"
"2017_1276_1439","0.629478991031647"
"2017_1276_1448","0.434553325176239"
"2017_1276_1452","0.280783295631409"
"2017_1276_1455","0.285252332687378"
"2017_1276_1457","0.91572642326355"
"2017_1276_1458","0.5483478307724"
"2017_1276_1462","0.555351078510284"
"2017_1277_1278","0.119541570544243"
"2017_1277_1291","0.921140968799591"
"2017_1277_1292","0.382254272699356"
"2017_1277_1297","0.870643377304077"
"2017_1277_1300","0.690707266330719"
"2017_1277_1305","0.279156118631363"
"2017_1277_1308","0.494903057813644"
"2017_1277_1309","0.766491293907166"
"2017_1277_1314","0.028496390208602"
"2017_1277_1315","0.764590322971344"
"2017_1277_1321","0.317008376121521"
"2017_1277_1323","0.201069802045822"
"2017_1277_1329","0.0557886548340321"
"2017_1277_1332","0.17057429254055"
"2017_1277_1343","0.73229318857193"
"2017_1277_1344","0.3911452293396"
"2017_1277_1345","0.157344117760658"
"2017_1277_1348","0.173809126019478"
"2017_1277_1355","0.800240039825439"
"2017_1277_1371","0.339494556188583"
"2017_1277_1374","0.13798263669014"
"2017_1277_1376","0.132930219173431"
"2017_1277_1388","0.309241950511932"
"2017_1277_1407","0.659238278865814"
"2017_1277_1411","0.55735194683075"
"2017_1277_1413","0.889130294322968"
"2017_1277_1417","0.279248744249344"
"2017_1277_1423","0.419893115758896"
"2017_1277_1425","0.279725074768066"
"2017_1277_1433","0.251717060804367"
"2017_1277_1435","0.324957728385925"
"2017_1277_1436","0.50153261423111"
"2017_1277_1437","0.0202073529362679"
"2017_1277_1438","0.134324923157692"
"2017_1277_1439","0.317775905132294"
"2017_1277_1448","0.0973725616931915"
"2017_1277_1452","0.0300746709108353"
"2017_1277_1455","0.0399621874094009"
"2017_1277_1457","0.69927966594696"
"2017_1277_1458","0.223183944821358"
"2017_1277_1462","0.228087902069092"
"2017_1278_1291","0.993918657302856"
"2017_1278_1292","0.85738742351532"
"2017_1278_1297","0.982135832309723"
"2017_1278_1300","0.98667848110199"
"2017_1278_1305","0.659946858882904"
"2017_1278_1308","0.932349979877472"
"2017_1278_1309","0.969866931438446"
"2017_1278_1314","0.238363459706306"
"2017_1278_1315","0.992993891239166"
"2017_1278_1321","0.65548187494278"
"2017_1278_1323","0.539393305778503"
"2017_1278_1329","0.412895172834396"
"2017_1278_1332","0.47173547744751"
"2017_1278_1343","0.894116699695587"
"2017_1278_1344","0.822011113166809"
"2017_1278_1345","0.560928404331207"
"2017_1278_1348","0.704957604408264"
"2017_1278_1355","0.983030140399933"
"2017_1278_1371","0.739836931228638"
"2017_1278_1374","0.500244200229645"
"2017_1278_1376","0.619063377380371"
"2017_1278_1388","0.775531649589539"
"2017_1278_1407","0.96889728307724"
"2017_1278_1411","0.967509150505066"
"2017_1278_1413","0.994162380695343"
"2017_1278_1417","0.803458154201508"
"2017_1278_1423","0.885681390762329"
"2017_1278_1425","0.676446080207825"
"2017_1278_1433","0.672802567481995"
"2017_1278_1435","0.870145380496979"
"2017_1278_1436","0.894135534763336"
"2017_1278_1437","0.255388706922531"
"2017_1278_1438","0.385469883680344"
"2017_1278_1439","0.648012936115265"
"2017_1278_1448","0.511609852313995"
"2017_1278_1452","0.283276289701462"
"2017_1278_1455","0.276714086532593"
"2017_1278_1457","0.978812038898468"
"2017_1278_1458","0.586145341396332"
"2017_1278_1462","0.635356247425079"
"2017_1291_1292","0.0241321232169867"
"2017_1291_1297","0.256474882364273"
"2017_1291_1300","0.267192214727402"
"2017_1291_1305","0.00728984689339995"
"2017_1291_1308","0.0223640557378531"
"2017_1291_1309","0.12051422894001"
"2017_1291_1314","0.00571830244734883"
"2017_1291_1315","0.284394651651382"
"2017_1291_1321","0.00589941302314401"
"2017_1291_1323","0.00574636040255427"
"2017_1291_1329","0.00571830244734883"
"2017_1291_1332","0.00574636040255427"
"2017_1291_1343","0.10345197468996"
"2017_1291_1344","0.00758973741903901"
"2017_1291_1345","0.00574636040255427"
"2017_1291_1348","0.0112896971404552"
"2017_1291_1355","0.194006040692329"
"2017_1291_1371","0.00575985061004758"
"2017_1291_1374","0.00571830244734883"
"2017_1291_1376","0.00571830244734883"
"2017_1291_1388","0.0193011667579412"
"2017_1291_1407","0.107321731746197"
"2017_1291_1411","0.13618728518486"
"2017_1291_1413","0.398839563131332"
"2017_1291_1417","0.012819922529161"
"2017_1291_1423","0.0426157303154469"
"2017_1291_1425","0.0130967553704977"
"2017_1291_1433","0.0134652918204665"
"2017_1291_1435","0.0131457885727286"
"2017_1291_1436","0.0336561724543571"
"2017_1291_1437","0.00571830244734883"
"2017_1291_1438","0.00597757240757346"
"2017_1291_1439","0.00597041146829724"
"2017_1291_1448","0.00571830244734883"
"2017_1291_1452","0.00571830244734883"
"2017_1291_1455","0.00571830244734883"
"2017_1291_1457","0.141073599457741"
"2017_1291_1458","0.00597757240757346"
"2017_1291_1462","0.00629611033946276"
"2017_1292_1297","0.872396409511566"
"2017_1292_1300","0.885349810123444"
"2017_1292_1305","0.458328664302826"
"2017_1292_1308","0.669218122959137"
"2017_1292_1309","0.861348807811737"
"2017_1292_1314","0.0221155676990747"
"2017_1292_1315","0.887715399265289"
"2017_1292_1321","0.394035816192627"
"2017_1292_1323","0.129500612616539"
"2017_1292_1329","0.153865352272987"
"2017_1292_1332","0.177736818790436"
"2017_1292_1343","0.828702390193939"
"2017_1292_1344","0.498475104570389"
"2017_1292_1345","0.182639002799988"
"2017_1292_1348","0.299500703811646"
"2017_1292_1355","0.896608591079712"
"2017_1292_1371","0.381263196468353"
"2017_1292_1374","0.174907818436623"
"2017_1292_1376","0.37322536110878"
"2017_1292_1388","0.316328227519989"
"2017_1292_1407","0.777158617973328"
"2017_1292_1411","0.8840651512146"
"2017_1292_1413","0.935657441616058"
"2017_1292_1417","0.345062255859375"
"2017_1292_1423","0.541083753108978"
"2017_1292_1425","0.414960294961929"
"2017_1292_1433","0.35089299082756"
"2017_1292_1435","0.575169920921326"
"2017_1292_1436","0.542216539382935"
"2017_1292_1437","0.119105987250805"
"2017_1292_1438","0.175862193107605"
"2017_1292_1439","0.389606773853302"
"2017_1292_1448","0.213396564126015"
"2017_1292_1452","0.187225893139839"
"2017_1292_1455","0.0739527940750122"
"2017_1292_1457","0.790979385375977"
"2017_1292_1458","0.326988458633423"
"2017_1292_1462","0.440030425786972"
"2017_1297_1300","0.482319235801697"
"2017_1297_1305","0.0270584020763636"
"2017_1297_1308","0.17367060482502"
"2017_1297_1309","0.268398940563202"
"2017_1297_1314","0.00571830244734883"
"2017_1297_1315","0.387390851974487"
"2017_1297_1321","0.0410193465650082"
"2017_1297_1323","0.0138585772365332"
"2017_1297_1329","0.00728356232866645"
"2017_1297_1332","0.0123862875625491"
"2017_1297_1343","0.31021636724472"
"2017_1297_1344","0.0883626267313957"
"2017_1297_1345","0.0126628689467907"
"2017_1297_1348","0.037165243178606"
"2017_1297_1355","0.412826091051102"
"2017_1297_1371","0.0604533739387989"
"2017_1297_1374","0.00800862908363342"
"2017_1297_1376","0.0232092328369617"
"2017_1297_1388","0.0248523987829685"
"2017_1297_1407","0.273494690656662"
"2017_1297_1411","0.219401627779007"
"2017_1297_1413","0.575184106826782"
"2017_1297_1417","0.0196058340370655"
"2017_1297_1423","0.106198914349079"
"2017_1297_1425","0.0399681217968464"
"2017_1297_1433","0.0437269546091557"
"2017_1297_1435","0.0287608001381159"
"2017_1297_1436","0.127491891384125"
"2017_1297_1437","0.00571830244734883"
"2017_1297_1438","0.0132063003256917"
"2017_1297_1439","0.039557009935379"
"2017_1297_1448","0.0126221142709255"
"2017_1297_1452","0.00574482418596745"
"2017_1297_1455","0.0063252947293222"
"2017_1297_1457","0.322149306535721"
"2017_1297_1458","0.0128789553418756"
"2017_1297_1462","0.01908971183002"
"2017_1300_1305","0.0326548963785172"
"2017_1300_1308","0.156518548727036"
"2017_1300_1309","0.457587540149689"
"2017_1300_1314","0.00571830244734883"
"2017_1300_1315","0.455314248800278"
"2017_1300_1321","0.0742280781269073"
"2017_1300_1323","0.0172472465783358"
"2017_1300_1329","0.00632698507979512"
"2017_1300_1332","0.0162825845181942"
"2017_1300_1343","0.322603851556778"
"2017_1300_1344","0.211315050721169"
"2017_1300_1345","0.0170242376625538"
"2017_1300_1348","0.0201758332550526"
"2017_1300_1355","0.402843564748764"
"2017_1300_1371","0.0904075279831886"
"2017_1300_1374","0.0101376818493009"
"2017_1300_1376","0.0372518934309483"
"2017_1300_1388","0.0284620579332113"
"2017_1300_1407","0.280662357807159"
"2017_1300_1411","0.183058246970177"
"2017_1300_1413","0.567645609378815"
"2017_1300_1417","0.0215630680322647"
"2017_1300_1423","0.102301202714443"
"2017_1300_1425","0.0390692688524723"
"2017_1300_1433","0.0228188596665859"
"2017_1300_1435","0.101434506475925"
"2017_1300_1436","0.141976088285446"
"2017_1300_1437","0.00574636040255427"
"2017_1300_1438","0.0366605296730995"
"2017_1300_1439","0.092770978808403"
"2017_1300_1448","0.00777028687298298"
"2017_1300_1452","0.0112081822007895"
"2017_1300_1455","0.00571830244734883"
"2017_1300_1457","0.386151939630508"
"2017_1300_1458","0.0178315173834562"
"2017_1300_1462","0.0449593886733055"
"2017_1305_1308","0.757616281509399"
"2017_1305_1309","0.880967795848846"
"2017_1305_1314","0.206163138151169"
"2017_1305_1315","0.926385641098022"
"2017_1305_1321","0.42117303609848"
"2017_1305_1323","0.340008020401001"
"2017_1305_1329","0.293533593416214"
"2017_1305_1332","0.31045737862587"
"2017_1305_1343","0.872195661067963"
"2017_1305_1344","0.529653787612915"
"2017_1305_1345","0.327445179224014"
"2017_1305_1348","0.364627420902252"
"2017_1305_1355","0.900777637958527"
"2017_1305_1371","0.518915474414825"
"2017_1305_1374","0.212446630001068"
"2017_1305_1376","0.35478413105011"
"2017_1305_1388","0.462356805801392"
"2017_1305_1407","0.827870309352875"
"2017_1305_1411","0.871187329292297"
"2017_1305_1413","0.969999611377716"
"2017_1305_1417","0.337540835142136"
"2017_1305_1423","0.663903713226318"
"2017_1305_1425","0.484580844640732"
"2017_1305_1433","0.422399371862411"
"2017_1305_1435","0.531044125556946"
"2017_1305_1436","0.654569447040558"
"2017_1305_1437","0.0965978652238846"
"2017_1305_1438","0.189594507217407"
"2017_1305_1439","0.49977770447731"
"2017_1305_1448","0.365516781806946"
"2017_1305_1452","0.135019674897194"
"2017_1305_1455","0.112788893282413"
"2017_1305_1457","0.937662184238434"
"2017_1305_1458","0.303225845098495"
"2017_1305_1462","0.468693137168884"
"2017_1308_1309","0.716721773147583"
"2017_1308_1314","0.0172677710652351"
"2017_1308_1315","0.753873825073242"
"2017_1308_1321","0.232951954007149"
"2017_1308_1323","0.1169164031744"
"2017_1308_1329","0.0719644129276276"
"2017_1308_1332","0.0567630492150784"
"2017_1308_1343","0.765388131141663"
"2017_1308_1344","0.373389333486557"
"2017_1308_1345","0.0417222231626511"
"2017_1308_1348","0.208629071712494"
"2017_1308_1355","0.723744511604309"
"2017_1308_1371","0.146482765674591"
"2017_1308_1374","0.0407954826951027"
"2017_1308_1376","0.109909445047379"
"2017_1308_1388","0.179058209061623"
"2017_1308_1407","0.626829624176025"
"2017_1308_1411","0.629825472831726"
"2017_1308_1413","0.877681076526642"
"2017_1308_1417","0.134569317102432"
"2017_1308_1423","0.412754684686661"
"2017_1308_1425","0.311842113733292"
"2017_1308_1433","0.271769911050797"
"2017_1308_1435","0.312687754631042"
"2017_1308_1436","0.394290834665298"
"2017_1308_1437","0.0214861761778593"
"2017_1308_1438","0.10247465223074"
"2017_1308_1439","0.205905616283417"
"2017_1308_1448","0.104157067835331"
"2017_1308_1452","0.0515122376382351"
"2017_1308_1455","0.0188078805804253"
"2017_1308_1457","0.65489262342453"
"2017_1308_1458","0.128138482570648"
"2017_1308_1462","0.199704229831696"
"2017_1309_1314","0.0151548646390438"
"2017_1309_1315","0.613777995109558"
"2017_1309_1321","0.0259154420346022"
"2017_1309_1323","0.0289747584611177"
"2017_1309_1329","0.0197475664317608"
"2017_1309_1332","0.0282614342868328"
"2017_1309_1343","0.274018943309784"
"2017_1309_1344","0.0504875779151917"
"2017_1309_1345","0.0292979218065739"
"2017_1309_1348","0.0408212952315807"
"2017_1309_1355","0.576862156391144"
"2017_1309_1371","0.0357630960643291"
"2017_1309_1374","0.023282503709197"
"2017_1309_1376","0.0270922984927893"
"2017_1309_1388","0.0459683313965797"
"2017_1309_1407","0.385937511920929"
"2017_1309_1411","0.384489595890045"
"2017_1309_1413","0.657084107398987"
"2017_1309_1417","0.0407503694295883"
"2017_1309_1423","0.0752799361944199"
"2017_1309_1425","0.075159877538681"
"2017_1309_1433","0.0420166365802288"
"2017_1309_1435","0.0561712123453617"
"2017_1309_1436","0.178320750594139"
"2017_1309_1437","0.0206591784954071"
"2017_1309_1438","0.0308602973818779"
"2017_1309_1439","0.0611521266400814"
"2017_1309_1448","0.0172790214419365"
"2017_1309_1452","0.0138507718220353"
"2017_1309_1455","0.0171170346438885"
"2017_1309_1457","0.530834019184113"
"2017_1309_1458","0.0305158048868179"
"2017_1309_1462","0.0300139673054218"
"2017_1314_1315","0.994095921516418"
"2017_1314_1321","0.908065855503082"
"2017_1314_1323","0.762860178947449"
"2017_1314_1329","0.66598254442215"
"2017_1314_1332","0.763702392578125"
"2017_1314_1343","0.973469078540802"
"2017_1314_1344","0.937727034091949"
"2017_1314_1345","0.712178945541382"
"2017_1314_1348","0.834017157554626"
"2017_1314_1355","0.994095921516418"
"2017_1314_1371","0.895870327949524"
"2017_1314_1374","0.700931072235107"
"2017_1314_1376","0.857090055942535"
"2017_1314_1388","0.940716743469238"
"2017_1314_1407","0.989665567874908"
"2017_1314_1411","0.976164400577545"
"2017_1314_1413","0.994095921516418"
"2017_1314_1417","0.869371056556702"
"2017_1314_1423","0.971518754959106"
"2017_1314_1425","0.893814206123352"
"2017_1314_1433","0.887626945972443"
"2017_1314_1435","0.951006948947906"
"2017_1314_1436","0.964965343475342"
"2017_1314_1437","0.476571828126907"
"2017_1314_1438","0.686885476112366"
"2017_1314_1439","0.801961302757263"
"2017_1314_1448","0.768132090568542"
"2017_1314_1452","0.527848660945892"
"2017_1314_1455","0.574780642986298"
"2017_1314_1457","0.994094431400299"
"2017_1314_1458","0.742290198802948"
"2017_1314_1462","0.848443627357483"
"2017_1315_1321","0.0442808493971825"
"2017_1315_1323","0.0211327169090509"
"2017_1315_1329","0.00802129227668047"
"2017_1315_1332","0.0209847744554281"
"2017_1315_1343","0.191988795995712"
"2017_1315_1344","0.117751531302929"
"2017_1315_1345","0.0212417300790548"
"2017_1315_1348","0.0447799116373062"
"2017_1315_1355","0.426776021718979"
"2017_1315_1371","0.0724436491727829"
"2017_1315_1374","0.0172677710652351"
"2017_1315_1376","0.0287793483585119"
"2017_1315_1388","0.0410802252590656"
"2017_1315_1407","0.296144008636475"
"2017_1315_1411","0.300696939229965"
"2017_1315_1413","0.618047714233398"
"2017_1315_1417","0.026750810444355"
"2017_1315_1423","0.127300590276718"
"2017_1315_1425","0.0787647739052773"
"2017_1315_1433","0.0727965384721756"
"2017_1315_1435","0.0372319407761097"
"2017_1315_1436","0.104666590690613"
"2017_1315_1437","0.00995754078030586"
"2017_1315_1438","0.0212167873978615"
"2017_1315_1439","0.0459616295993328"
"2017_1315_1448","0.0066119059920311"
"2017_1315_1452","0.00632698507979512"
"2017_1315_1455","0.00574636040255427"
"2017_1315_1457","0.365063041448593"
"2017_1315_1458","0.0218286532908678"
"2017_1315_1462","0.0220147632062435"
"2017_1321_1323","0.383481681346893"
"2017_1321_1329","0.236389011144638"
"2017_1321_1332","0.315744340419769"
"2017_1321_1343","0.899444580078125"
"2017_1321_1344","0.579673707485199"
"2017_1321_1345","0.305409759283066"
"2017_1321_1348","0.40445938706398"
"2017_1321_1355","0.929712057113647"
"2017_1321_1371","0.562675535678864"
"2017_1321_1374","0.269356042146683"
"2017_1321_1376","0.383263021707535"
"2017_1321_1388","0.412415057420731"
"2017_1321_1407","0.829677581787109"
"2017_1321_1411","0.922919869422913"
"2017_1321_1413","0.975996077060699"
"2017_1321_1417","0.513368844985962"
"2017_1321_1423","0.668610811233521"
"2017_1321_1425","0.516767919063568"
"2017_1321_1433","0.508746206760406"
"2017_1321_1435","0.60880446434021"
"2017_1321_1436","0.731866359710693"
"2017_1321_1437","0.092656746506691"
"2017_1321_1438","0.282174289226532"
"2017_1321_1439","0.46748673915863"
"2017_1321_1448","0.315856516361237"
"2017_1321_1452","0.117868036031723"
"2017_1321_1455","0.128186538815498"
"2017_1321_1457","0.917055368423462"
"2017_1321_1458","0.441321074962616"
"2017_1321_1462","0.438175082206726"
"2017_1323_1329","0.389868080615997"
"2017_1323_1332","0.417133152484894"
"2017_1323_1343","0.966038644313812"
"2017_1323_1344","0.741727828979492"
"2017_1323_1345","0.410881787538528"
"2017_1323_1348","0.522409081459045"
"2017_1323_1355","0.976783752441406"
"2017_1323_1371","0.649429202079773"
"2017_1323_1374","0.363021373748779"
"2017_1323_1376","0.518470764160156"
"2017_1323_1388","0.588827729225159"
"2017_1323_1407","0.912719428539276"
"2017_1323_1411","0.950413703918457"
"2017_1323_1413","0.97741961479187"
"2017_1323_1417","0.593041360378265"
"2017_1323_1423","0.765322744846344"
"2017_1323_1425","0.711247146129608"
"2017_1323_1433","0.592668652534485"
"2017_1323_1435","0.668826282024384"
"2017_1323_1436","0.830589771270752"
"2017_1323_1437","0.160740524530411"
"2017_1323_1438","0.338530361652374"
"2017_1323_1439","0.569193065166473"
"2017_1323_1448","0.469336718320847"
"2017_1323_1452","0.224469482898712"
"2017_1323_1455","0.23768338561058"
"2017_1323_1457","0.90569657087326"
"2017_1323_1458","0.489520072937012"
"2017_1323_1462","0.569757878780365"
"2017_1329_1332","0.577160894870758"
"2017_1329_1343","0.932749807834625"
"2017_1329_1344","0.869678616523743"
"2017_1329_1345","0.621800899505615"
"2017_1329_1348","0.679563164710999"
"2017_1329_1355","0.993518769741058"
"2017_1329_1371","0.870949625968933"
"2017_1329_1374","0.430515825748444"
"2017_1329_1376","0.634747922420502"
"2017_1329_1388","0.796138882637024"
"2017_1329_1407","0.934486865997314"
"2017_1329_1411","0.969020307064056"
"2017_1329_1413","0.993534207344055"
"2017_1329_1417","0.763435304164886"
"2017_1329_1423","0.923906564712524"
"2017_1329_1425","0.722801744937897"
"2017_1329_1433","0.834636509418488"
"2017_1329_1435","0.853465020656586"
"2017_1329_1436","0.817696690559387"
"2017_1329_1437","0.238181620836258"
"2017_1329_1438","0.528170704841614"
"2017_1329_1439","0.820194780826569"
"2017_1329_1448","0.498030692338943"
"2017_1329_1452","0.372657060623169"
"2017_1329_1455","0.418437659740448"
"2017_1329_1457","0.975995719432831"
"2017_1329_1458","0.669214904308319"
"2017_1329_1462","0.690203309059143"
"2017_1332_1343","0.962667226791382"
"2017_1332_1344","0.824038982391357"
"2017_1332_1345","0.541180849075317"
"2017_1332_1348","0.638744533061981"
"2017_1332_1355","0.977369487285614"
"2017_1332_1371","0.793760240077972"
"2017_1332_1374","0.426541358232498"
"2017_1332_1376","0.609650492668152"
"2017_1332_1388","0.668114006519318"
"2017_1332_1407","0.970691025257111"
"2017_1332_1411","0.949359595775604"
"2017_1332_1413","0.977809488773346"
"2017_1332_1417","0.639496028423309"
"2017_1332_1423","0.842719972133636"
"2017_1332_1425","0.697408974170685"
"2017_1332_1433","0.725321590900421"
"2017_1332_1435","0.765333890914917"
"2017_1332_1436","0.866103947162628"
"2017_1332_1437","0.244284197688103"
"2017_1332_1438","0.382485657930374"
"2017_1332_1439","0.644754588603973"
"2017_1332_1448","0.441474080085754"
"2017_1332_1452","0.236999958753586"
"2017_1332_1455","0.291436433792114"
"2017_1332_1457","0.962737500667572"
"2017_1332_1458","0.521685063838959"
"2017_1332_1462","0.652624607086182"
"2017_1343_1344","0.143883213400841"
"2017_1343_1345","0.0397530011832714"
"2017_1343_1348","0.0926781967282295"
"2017_1343_1355","0.632181107997894"
"2017_1343_1371","0.179229855537415"
"2017_1343_1374","0.0372814647853374"
"2017_1343_1376","0.106411151587963"
"2017_1343_1388","0.163566112518311"
"2017_1343_1407","0.435264348983765"
"2017_1343_1411","0.55739688873291"
"2017_1343_1413","0.858450293540955"
"2017_1343_1417","0.0925772786140442"
"2017_1343_1423","0.279025673866272"
"2017_1343_1425","0.142433032393456"
"2017_1343_1433","0.113580346107483"
"2017_1343_1435","0.220405429601669"
"2017_1343_1436","0.265997558832169"
"2017_1343_1437","0.0210484024137259"
"2017_1343_1438","0.0250932052731514"
"2017_1343_1439","0.106420762836933"
"2017_1343_1448","0.0786138772964478"
"2017_1343_1452","0.0730607882142067"
"2017_1343_1455","0.0253686048090458"
"2017_1343_1457","0.53187495470047"
"2017_1343_1458","0.0614015571773052"
"2017_1343_1462","0.0942993611097336"
"2017_1344_1345","0.170028761029243"
"2017_1344_1348","0.34595263004303"
"2017_1344_1355","0.792768597602844"
"2017_1344_1371","0.449791371822357"
"2017_1344_1374","0.149865537881851"
"2017_1344_1376","0.246836960315704"
"2017_1344_1388","0.277431488037109"
"2017_1344_1407","0.693875193595886"
"2017_1344_1411","0.734490513801575"
"2017_1344_1413","0.915124237537384"
"2017_1344_1417","0.282191872596741"
"2017_1344_1423","0.607993125915527"
"2017_1344_1425","0.384109288454056"
"2017_1344_1433","0.388758957386017"
"2017_1344_1435","0.473871767520905"
"2017_1344_1436","0.527531266212463"
"2017_1344_1437","0.0537276230752468"
"2017_1344_1438","0.185734823346138"
"2017_1344_1439","0.337112337350845"
"2017_1344_1448","0.175771161913872"
"2017_1344_1452","0.0705323368310928"
"2017_1344_1455","0.0766947567462921"
"2017_1344_1457","0.712685883045197"
"2017_1344_1458","0.261444628238678"
"2017_1344_1462","0.257713109254837"
"2017_1345_1348","0.667327344417572"
"2017_1345_1355","0.977230131626129"
"2017_1345_1371","0.804670035839081"
"2017_1345_1374","0.430300205945969"
"2017_1345_1376","0.555723249912262"
"2017_1345_1388","0.638444483280182"
"2017_1345_1407","0.942251622676849"
"2017_1345_1411","0.914004266262054"
"2017_1345_1413","0.978737592697144"
"2017_1345_1417","0.608151018619537"
"2017_1345_1423","0.826377809047699"
"2017_1345_1425","0.708588063716888"
"2017_1345_1433","0.757797420024872"
"2017_1345_1435","0.766622304916382"
"2017_1345_1436","0.842715620994568"
"2017_1345_1437","0.230905801057816"
"2017_1345_1438","0.338092029094696"
"2017_1345_1439","0.647931516170502"
"2017_1345_1448","0.436691462993622"
"2017_1345_1452","0.280541092157364"
"2017_1345_1455","0.276190608739853"
"2017_1345_1457","0.927030265331268"
"2017_1345_1458","0.493904143571854"
"2017_1345_1462","0.583982408046722"
"2017_1348_1355","0.967980802059174"
"2017_1348_1371","0.636842131614685"
"2017_1348_1374","0.392306089401245"
"2017_1348_1376","0.506030440330505"
"2017_1348_1388","0.575101494789124"
"2017_1348_1407","0.854781031608582"
"2017_1348_1411","0.935652136802673"
"2017_1348_1413","0.989978432655334"
"2017_1348_1417","0.473141640424728"
"2017_1348_1423","0.760144352912903"
"2017_1348_1425","0.565460979938507"
"2017_1348_1433","0.539140105247498"
"2017_1348_1435","0.620340168476105"
"2017_1348_1436","0.750802278518677"
"2017_1348_1437","0.188839703798294"
"2017_1348_1438","0.214678257703781"
"2017_1348_1439","0.534413278102875"
"2017_1348_1448","0.349449723958969"
"2017_1348_1452","0.187949255108833"
"2017_1348_1455","0.114505477249622"
"2017_1348_1457","0.950068712234497"
"2017_1348_1458","0.369145750999451"
"2017_1348_1462","0.496292442083359"
"2017_1355_1371","0.0716191306710243"
"2017_1355_1374","0.0177034977823496"
"2017_1355_1376","0.0228188596665859"
"2017_1355_1388","0.106832832098007"
"2017_1355_1407","0.297357112169266"
"2017_1355_1411","0.380596458911896"
"2017_1355_1413","0.715371251106262"
"2017_1355_1417","0.0352197550237179"
"2017_1355_1423","0.164471387863159"
"2017_1355_1425","0.0529231615364552"
"2017_1355_1433","0.0477474480867386"
"2017_1355_1435","0.0512938760221004"
"2017_1355_1436","0.131977871060371"
"2017_1355_1437","0.00968159362673759"
"2017_1355_1438","0.0210502929985523"
"2017_1355_1439","0.0692940726876259"
"2017_1355_1448","0.0106427054852247"
"2017_1355_1452","0.00972053129225969"
"2017_1355_1455","0.00592835387215018"
"2017_1355_1457","0.415344893932343"
"2017_1355_1458","0.0214310195297003"
"2017_1355_1462","0.0529067106544971"
"2017_1371_1374","0.204627141356468"
"2017_1371_1376","0.300442934036255"
"2017_1371_1388","0.298530966043472"
"2017_1371_1407","0.788303256034851"
"2017_1371_1411","0.763743758201599"
"2017_1371_1413","0.94963538646698"
"2017_1371_1417","0.441750735044479"
"2017_1371_1423","0.613960921764374"
"2017_1371_1425","0.447085171937943"
"2017_1371_1433","0.404440939426422"
"2017_1371_1435","0.483818173408508"
"2017_1371_1436","0.659541666507721"
"2017_1371_1437","0.0824570283293724"
"2017_1371_1438","0.169773206114769"
"2017_1371_1439","0.398135721683502"
"2017_1371_1448","0.21007177233696"
"2017_1371_1452","0.0819642692804337"
"2017_1371_1455","0.0731979981064796"
"2017_1371_1457","0.818012654781342"
"2017_1371_1458","0.334958344697952"
"2017_1371_1462","0.350183397531509"
"2017_1374_1376","0.540981709957123"
"2017_1374_1388","0.766530096530914"
"2017_1374_1407","0.975660383701324"
"2017_1374_1411","0.960816442966461"
"2017_1374_1413","0.982373237609863"
"2017_1374_1417","0.638744175434113"
"2017_1374_1423","0.914205431938171"
"2017_1374_1425","0.777482211589813"
"2017_1374_1433","0.77964985370636"
"2017_1374_1435","0.757389426231384"
"2017_1374_1436","0.918218553066254"
"2017_1374_1437","0.294582843780518"
"2017_1374_1438","0.541667520999908"
"2017_1374_1439","0.753736555576324"
"2017_1374_1448","0.466486215591431"
"2017_1374_1452","0.384846717119217"
"2017_1374_1455","0.30333599448204"
"2017_1374_1457","0.967155277729034"
"2017_1374_1458","0.626302361488342"
"2017_1374_1462","0.747234523296356"
"2017_1376_1388","0.728521704673767"
"2017_1376_1407","0.889325022697449"
"2017_1376_1411","0.916692793369293"
"2017_1376_1413","0.993431985378265"
"2017_1376_1417","0.597345113754272"
"2017_1376_1423","0.820427596569061"
"2017_1376_1425","0.631717622280121"
"2017_1376_1433","0.602868497371674"
"2017_1376_1435","0.65806257724762"
"2017_1376_1436","0.722701668739319"
"2017_1376_1437","0.113974168896675"
"2017_1376_1438","0.293692827224731"
"2017_1376_1439","0.577598810195923"
"2017_1376_1448","0.273873746395111"
"2017_1376_1452","0.193911910057068"
"2017_1376_1455","0.244449317455292"
"2017_1376_1457","0.937101483345032"
"2017_1376_1458","0.478900223970413"
"2017_1376_1462","0.541129231452942"
"2017_1388_1407","0.947516798973083"
"2017_1388_1411","0.896690905094147"
"2017_1388_1413","0.965938866138458"
"2017_1388_1417","0.389297008514404"
"2017_1388_1423","0.742694735527039"
"2017_1388_1425","0.635606169700623"
"2017_1388_1433","0.657689988613129"
"2017_1388_1435","0.585087716579437"
"2017_1388_1436","0.760082900524139"
"2017_1388_1437","0.0856291502714157"
"2017_1388_1438","0.304024815559387"
"2017_1388_1439","0.504315197467804"
"2017_1388_1448","0.143333464860916"
"2017_1388_1452","0.092164933681488"
"2017_1388_1455","0.0924218744039536"
"2017_1388_1457","0.946757853031158"
"2017_1388_1458","0.423792660236359"
"2017_1388_1462","0.479956418275833"
"2017_1407_1411","0.570550441741943"
"2017_1407_1413","0.794051766395569"
"2017_1407_1417","0.049240056425333"
"2017_1407_1423","0.300842851400375"
"2017_1407_1425","0.176950603723526"
"2017_1407_1433","0.146700948476791"
"2017_1407_1435","0.136874839663506"
"2017_1407_1436","0.254924595355988"
"2017_1407_1437","0.0171016044914722"
"2017_1407_1438","0.0301073249429464"
"2017_1407_1439","0.312607884407043"
"2017_1407_1448","0.0288817696273327"
"2017_1407_1452","0.0123862875625491"
"2017_1407_1455","0.019646093249321"
"2017_1407_1457","0.655874967575073"
"2017_1407_1458","0.033770315349102"
"2017_1407_1462","0.158523306250572"
"2017_1411_1413","0.860922038555145"
"2017_1411_1417","0.0547251775860786"
"2017_1411_1423","0.191704586148262"
"2017_1411_1425","0.0751577243208885"
"2017_1411_1433","0.0739425867795944"
"2017_1411_1435","0.0927939042448997"
"2017_1411_1436","0.258139729499817"
"2017_1411_1437","0.0299398824572563"
"2017_1411_1438","0.0451316982507706"
"2017_1411_1439","0.123853348195553"
"2017_1411_1448","0.0247823148965836"
"2017_1411_1452","0.022591395303607"
"2017_1411_1455","0.0234105940908194"
"2017_1411_1457","0.7110475897789"
"2017_1411_1458","0.0471964851021767"
"2017_1411_1462","0.0643614232540131"
"2017_1413_1417","0.024957612156868"
"2017_1413_1423","0.0703220367431641"
"2017_1413_1425","0.0283921509981155"
"2017_1413_1433","0.0204753912985325"
"2017_1413_1435","0.0256575308740139"
"2017_1413_1436","0.0752475783228874"
"2017_1413_1437","0.00804595742374659"
"2017_1413_1438","0.021394619718194"
"2017_1413_1439","0.0196487978100777"
"2017_1413_1448","0.00574636040255427"
"2017_1413_1452","0.00571830244734883"
"2017_1413_1455","0.00574636040255427"
"2017_1413_1457","0.30825263261795"
"2017_1413_1458","0.021019421517849"
"2017_1413_1462","0.0139661012217402"
"2017_1417_1423","0.806636393070221"
"2017_1417_1425","0.713343381881714"
"2017_1417_1433","0.550953090190887"
"2017_1417_1435","0.561988592147827"
"2017_1417_1436","0.765084862709045"
"2017_1417_1437","0.259762138128281"
"2017_1417_1438","0.356865525245667"
"2017_1417_1439","0.580869853496552"
"2017_1417_1448","0.349435180425644"
"2017_1417_1452","0.114203214645386"
"2017_1417_1455","0.182771027088165"
"2017_1417_1457","0.93334299325943"
"2017_1417_1458","0.393990725278854"
"2017_1417_1462","0.490687429904938"
"2017_1423_1425","0.360011249780655"
"2017_1423_1433","0.353373497724533"
"2017_1423_1435","0.392736673355103"
"2017_1423_1436","0.493015468120575"
"2017_1423_1437","0.0188474170863628"
"2017_1423_1438","0.114827193319798"
"2017_1423_1439","0.3255515396595"
"2017_1423_1448","0.129092857241631"
"2017_1423_1452","0.0400273166596889"
"2017_1423_1455","0.0323895215988159"
"2017_1423_1457","0.719560146331787"
"2017_1423_1458","0.18366576731205"
"2017_1423_1462","0.336725920438766"
"2017_1425_1433","0.467552602291107"
"2017_1425_1435","0.490818351507187"
"2017_1425_1436","0.653088092803955"
"2017_1425_1437","0.0706595852971077"
"2017_1425_1438","0.250818729400635"
"2017_1425_1439","0.555013716220856"
"2017_1425_1448","0.275885194540024"
"2017_1425_1452","0.129760265350342"
"2017_1425_1455","0.0869931951165199"
"2017_1425_1457","0.921330869197845"
"2017_1425_1458","0.420409142971039"
"2017_1425_1462","0.35486102104187"
"2017_1433_1435","0.632578313350677"
"2017_1433_1436","0.700506150722504"
"2017_1433_1437","0.0984501838684082"
"2017_1433_1438","0.191702097654343"
"2017_1433_1439","0.534020602703094"
"2017_1433_1448","0.175817385315895"
"2017_1433_1452","0.0878579616546631"
"2017_1433_1455","0.0948242023587227"
"2017_1433_1457","0.914236009120941"
"2017_1433_1458","0.34638300538063"
"2017_1433_1462","0.477139562368393"
"2017_1435_1436","0.485536813735962"
"2017_1435_1437","0.0817787051200867"
"2017_1435_1438","0.150123283267021"
"2017_1435_1439","0.42298424243927"
"2017_1435_1448","0.203866302967072"
"2017_1435_1452","0.077437050640583"
"2017_1435_1455","0.0846105664968491"
"2017_1435_1457","0.741770327091217"
"2017_1435_1458","0.282700300216675"
"2017_1435_1462","0.363982915878296"
"2017_1436_1437","0.0219337847083807"
"2017_1436_1438","0.124056659638882"
"2017_1436_1439","0.229787021875381"
"2017_1436_1448","0.073139600455761"
"2017_1436_1452","0.0427207127213478"
"2017_1436_1455","0.0430958420038223"
"2017_1436_1457","0.729677557945251"
"2017_1436_1458","0.116832904517651"
"2017_1436_1462","0.282913058996201"
"2017_1437_1438","0.701161980628967"
"2017_1437_1439","0.909154951572418"
"2017_1437_1448","0.752687394618988"
"2017_1437_1452","0.510007619857788"
"2017_1437_1455","0.525061130523682"
"2017_1437_1457","0.993614673614502"
"2017_1437_1458","0.755875885486603"
"2017_1437_1462","0.847553312778473"
"2017_1438_1439","0.666786789894104"
"2017_1438_1448","0.53150349855423"
"2017_1438_1452","0.249227717518806"
"2017_1438_1455","0.324992686510086"
"2017_1438_1457","0.93647438287735"
"2017_1438_1458","0.575037658214569"
"2017_1438_1462","0.579412162303925"
"2017_1439_1448","0.292299121618271"
"2017_1439_1452","0.114655271172523"
"2017_1439_1455","0.158335745334625"
"2017_1439_1457","0.879904866218567"
"2017_1439_1458","0.282318502664566"
"2017_1439_1462","0.388490468263626"
"2017_1448_1452","0.196821615099907"
"2017_1448_1455","0.25588920712471"
"2017_1448_1457","0.972835063934326"
"2017_1448_1458","0.614042043685913"
"2017_1448_1462","0.589351415634155"
"2017_1452_1455","0.420445770025253"
"2017_1452_1457","0.980806350708008"
"2017_1452_1458","0.754732191562653"
"2017_1452_1462","0.803629696369171"
"2017_1455_1457","0.994069933891296"
"2017_1455_1458","0.730587244033813"
"2017_1455_1462","0.84811544418335"
"2017_1457_1458","0.068159818649292"
"2017_1457_1462","0.0565566867589951"
"2017_1458_1462","0.484977722167969"
